index,N,Y
0,0.9511638879776001,0.0426645502448082
1,0.9069811701774597,0.08112214505672455
2,0.8944298624992371,0.08989106863737106
3,0.9272329807281494,0.06752628833055496
4,0.8875517249107361,0.0975438579916954
5,0.8740294575691223,0.10318959504365921
6,0.9530590772628784,0.041864000260829926
7,0.9436056613922119,0.05401932820677757
8,0.8768872022628784,0.10909965634346008
9,0.9539257884025574,0.04090509191155434
10,0.911291241645813,0.0746360495686531
11,0.9013670682907104,0.09203945845365524
12,0.9522086977958679,0.04315412417054176
13,0.9456661343574524,0.05047866329550743
14,0.9420737624168396,0.053791601210832596
15,0.9374999403953552,0.058911412954330444
16,0.9463208317756653,0.04836440458893776
17,0.9534566402435303,0.04153444245457649
18,0.8828417062759399,0.1010296642780304
19,0.927699625492096,0.0682128369808197
20,0.9497994780540466,0.04492543637752533
21,0.9353162050247192,0.0575004480779171
22,0.9364413619041443,0.056552957743406296
23,0.944992184638977,0.04890674352645874
24,0.9529216289520264,0.041911810636520386
25,0.9479861259460449,0.047171562910079956
26,0.9480071663856506,0.04624774307012558
27,0.9538781046867371,0.04159536212682724
28,0.8855084776878357,0.10000070929527283
29,0.9390542507171631,0.05769934132695198
30,0.9496827125549316,0.04463716223835945
31,0.9300601482391357,0.06760866194963455
32,0.8734907507896423,0.10607068985700607
33,0.9397695064544678,0.051563795655965805
34,0.9536371231079102,0.04141458868980408
35,0.9486631751060486,0.04665740206837654
36,0.9476661682128906,0.047877222299575806
37,0.9025766849517822,0.09031187742948532
38,0.9358305335044861,0.0601465106010437
39,0.9199082851409912,0.07550288736820221
40,0.9514266848564148,0.04375552758574486
41,0.945836067199707,0.049535151571035385
42,0.9336528778076172,0.059247057884931564
43,0.8531131744384766,0.11439777910709381
44,0.9495857357978821,0.044428326189517975
45,0.9181718230247498,0.07486680150032043
46,0.9420571327209473,0.05025380104780197
47,0.9342061877250671,0.05750381201505661
48,0.9542011022567749,0.040390972048044205
49,0.9511988162994385,0.04324021935462952
50,0.9540970325469971,0.04077186807990074
51,0.9447802901268005,0.04998874291777611
52,0.9227038621902466,0.07142318785190582
53,0.9533124566078186,0.041482970118522644
54,0.9307878017425537,0.05819440633058548
55,0.9243225455284119,0.06887685507535934
56,0.9147286415100098,0.07375889271497726
57,0.9394774436950684,0.05485299602150917
58,0.9526016116142273,0.04247254878282547
59,0.952357828617096,0.042215581983327866
60,0.9542341828346252,0.040791526436805725
61,0.9435535669326782,0.04992546886205673
62,0.9539622664451599,0.04096277430653572
63,0.7388128638267517,0.194551020860672
64,0.8303021192550659,0.12573295831680298
65,0.9536470174789429,0.04117393121123314
66,0.922305166721344,0.07347670197486877
67,0.9503597617149353,0.04476628080010414
68,0.9537480473518372,0.04108189046382904
69,0.953529953956604,0.041410114616155624
70,0.8936441540718079,0.08843977004289627
71,0.9475198984146118,0.04812223091721535
72,0.9532526135444641,0.04165279492735863
73,0.8887757658958435,0.10257680714130402
74,0.923814594745636,0.06950202584266663
75,0.9535535573959351,0.04079688340425491
76,0.9534499645233154,0.04174627736210823
77,0.8408704996109009,0.12621064484119415
78,0.9541285037994385,0.04082756116986275
79,0.9320774078369141,0.06368429213762283
80,0.8817228674888611,0.10461725294589996
81,0.9397174715995789,0.0565800815820694
82,0.9410102963447571,0.05543658509850502
83,0.9522165656089783,0.04283742979168892
84,0.9486249685287476,0.0475459098815918
85,0.9510748982429504,0.043420884758234024
86,0.9493210315704346,0.04585940018296242
87,0.9456186890602112,0.04861366003751755
88,0.9542959928512573,0.040560536086559296
89,0.9525576233863831,0.042083825916051865
90,0.9410431385040283,0.052725307643413544
91,0.9499532580375671,0.04493628814816475
92,0.9281200766563416,0.06526920944452286
93,0.940976619720459,0.056057486683130264
94,0.949266791343689,0.045545246452093124
95,0.9507638216018677,0.044637203216552734
96,0.9530319571495056,0.04189174249768257
97,0.9419417977333069,0.053568530827760696
98,0.9528176784515381,0.042284224182367325
99,0.9525189995765686,0.042627859860658646
100,0.8981150388717651,0.08763498067855835
101,0.9520553350448608,0.042346931993961334
102,0.9542140364646912,0.0406629852950573
103,0.840655505657196,0.12823787331581116
104,0.9437486529350281,0.0511421263217926
105,0.9442808628082275,0.0514686219394207
106,0.93094801902771,0.06448116153478622
107,0.9403138756752014,0.05562356114387512
108,0.9395474195480347,0.05625468119978905
109,0.9540737867355347,0.040843673050403595
110,0.9510802030563354,0.04447658360004425
111,0.776205837726593,0.192795529961586
112,0.9372344017028809,0.05761990323662758
113,0.9314693212509155,0.05646896734833717
114,0.938003420829773,0.05569783225655556
115,0.954206109046936,0.040492720901966095
116,0.9489742517471313,0.04652830958366394
117,0.9489105939865112,0.04707648605108261
118,0.9540457129478455,0.04089075326919556
119,0.9540987610816956,0.04082600027322769
120,0.9471046328544617,0.04759248346090317
121,0.9539856910705566,0.04110706225037575
122,0.9521276950836182,0.04262922331690788
123,0.9408931136131287,0.05234748497605324
124,0.9413684010505676,0.0568101592361927
125,0.9326487183570862,0.06037548929452896
126,0.9309887290000916,0.06330956518650055
127,0.9529229998588562,0.04181504249572754
128,0.9535253643989563,0.04152680188417435
129,0.9539769887924194,0.04107493907213211
130,0.9509498476982117,0.04460308328270912
131,0.9514192342758179,0.04349742829799652
132,0.9463363885879517,0.050528958439826965
133,0.9541783928871155,0.04122430458664894
134,0.953033983707428,0.04194065183401108
135,0.941191554069519,0.04978708177804947
136,0.9530965685844421,0.04225419834256172
137,0.9430038928985596,0.052079930901527405
138,0.9460572004318237,0.04888511821627617
139,0.953038215637207,0.04252295196056366
140,0.9461302161216736,0.05003023520112038
141,0.9338881373405457,0.06510232388973236
142,0.9292218685150146,0.06495799869298935
143,0.9499741196632385,0.04440297558903694
144,0.9459588527679443,0.04893011227250099
145,0.952236533164978,0.04200774058699608
146,0.9539188742637634,0.04094630107283592
147,0.9041290879249573,0.08720095455646515
148,0.9239098429679871,0.07490864396095276
149,0.9246780276298523,0.06893418729305267
150,0.9501819014549255,0.04444118216633797
151,0.9352889060974121,0.06474421918392181
152,0.9220903515815735,0.074381522834301
153,0.9470090270042419,0.04873756319284439
154,0.9513863921165466,0.043623849749565125
155,0.9298473000526428,0.06710885465145111
156,0.9416804313659668,0.0530109666287899
157,0.9479920268058777,0.04625077545642853
158,0.951551616191864,0.04307865723967552
159,0.9225747585296631,0.07271057367324829
160,0.9505455493927002,0.04471392557024956
161,0.9496341943740845,0.046763863414525986
162,0.9529122710227966,0.042151205241680145
163,0.916378915309906,0.07735530287027359
164,0.9529839754104614,0.041360531002283096
165,0.9239351749420166,0.06852583587169647
166,0.9235198497772217,0.06935922056436539
167,0.9103482365608215,0.08364556729793549
168,0.9338945746421814,0.06402099877595901
169,0.9542341828346252,0.040791526436805725
170,0.953560471534729,0.041727058589458466
171,0.9539067149162292,0.04087364301085472
172,0.9539076089859009,0.0410015694797039
173,0.9182283282279968,0.08570834994316101
174,0.9536275863647461,0.041542746126651764
175,0.7492877244949341,0.19168417155742645
176,0.573977530002594,0.3251369893550873
177,0.9520084261894226,0.04326856881380081
178,0.9460436701774597,0.050880443304777145
179,0.9521253705024719,0.04273203760385513
180,0.948829174041748,0.04581252858042717
181,0.8843040466308594,0.09582865983247757
182,0.9453794360160828,0.049928419291973114
183,0.952589213848114,0.04222209006547928
184,0.9273467659950256,0.06612920016050339
185,0.9511622190475464,0.04375564679503441
186,0.9453331828117371,0.05078652501106262
187,0.9522526860237122,0.042402252554893494
188,0.9524818062782288,0.04274561628699303
189,0.9314896464347839,0.06165672838687897
190,0.9187660813331604,0.07002855837345123
191,0.9256662726402283,0.06362289190292358
192,0.9524831771850586,0.04226509854197502
193,0.9460829496383667,0.05039835721254349
194,0.7503426671028137,0.16775661706924438
195,0.9477875828742981,0.047240182757377625
196,0.9530417919158936,0.042098790407180786
197,0.9503387808799744,0.044534504413604736
198,0.857032299041748,0.13065321743488312
199,0.9541780948638916,0.04071590304374695
200,0.9375821948051453,0.0582098662853241
201,0.9425758123397827,0.05252813175320625
202,0.9505051374435425,0.04552454501390457
203,0.9507935643196106,0.044876836240291595
204,0.9415016174316406,0.05367308855056763
205,0.8966477513313293,0.08729104697704315
206,0.9525567293167114,0.04301580414175987
207,0.8223027586936951,0.16142690181732178
208,0.9149622321128845,0.07605654746294022
209,0.945016622543335,0.053215399384498596
210,0.8346490859985352,0.1289568841457367
211,0.9518734216690063,0.04303649812936783
212,0.9294726848602295,0.06456205248832703
213,0.9536842107772827,0.04088300094008446
214,0.9419227838516235,0.0549122579395771
215,0.953466534614563,0.041767317801713943
216,0.9368383288383484,0.057354886084795
217,0.8787646293640137,0.09938103705644608
218,0.9418385028839111,0.05342911556363106
219,0.9334761500358582,0.06530430167913437
220,0.8192781805992126,0.15266044437885284
221,0.9502885937690735,0.043937306851148605
222,0.9542603492736816,0.04064275324344635
223,0.9530880451202393,0.042115822434425354
224,0.9516839981079102,0.043257296085357666
225,0.950576663017273,0.044826410710811615
226,0.9542471170425415,0.040692683309316635
227,0.9314007759094238,0.06383533775806427
228,0.9499185085296631,0.04570431262254715
229,0.9530347585678101,0.04137920215725899
230,0.9393364787101746,0.05433204025030136
231,0.9522537589073181,0.043253879994153976
232,0.9332284927368164,0.060272153466939926
233,0.9542262554168701,0.04073586314916611
234,0.8948708772659302,0.09581407904624939
235,0.9373775124549866,0.06103726476430893
236,0.9514803886413574,0.043699029833078384
237,0.9339838027954102,0.06197946518659592
238,0.9144890308380127,0.07484593987464905
239,0.9516792297363281,0.0431702546775341
240,0.9443322420120239,0.05256335809826851
241,0.9540117383003235,0.0409189835190773
242,0.9223932027816772,0.07167225331068039
243,0.9538149833679199,0.040939364582300186
244,0.9525783658027649,0.04226686805486679
245,0.9524774551391602,0.042572978883981705
246,0.924043595790863,0.07213877141475677
247,0.87986820936203,0.11067608743906021
248,0.9521612524986267,0.04250180348753929
249,0.9390791654586792,0.059582095593214035
250,0.8922411799430847,0.09169673174619675
251,0.9319385290145874,0.06741809844970703
252,0.9533279538154602,0.04153348505496979
253,0.8354158997535706,0.13445572555065155
254,0.9508165121078491,0.044778548181056976
255,0.9361636638641357,0.06506337225437164
256,0.939265787601471,0.056188371032476425
257,0.9505838751792908,0.044794660061597824
258,0.9313908219337463,0.05804629251360893
259,0.9467664361000061,0.0473899319767952
260,0.9427109956741333,0.05322635546326637
261,0.935366690158844,0.058865442872047424
262,0.8172306418418884,0.12944521009922028
263,0.9527524709701538,0.04152849316596985
264,0.9536197781562805,0.04122275486588478
265,0.9227815270423889,0.06464070081710815
266,0.953544557094574,0.04125121980905533
267,0.9134001135826111,0.07920648157596588
268,0.9444378018379211,0.05127197504043579
269,0.9517362713813782,0.04290861636400223
270,0.9508808255195618,0.04452618584036827
271,0.9464796185493469,0.04900998994708061
272,0.8754818439483643,0.09320111572742462
273,0.9214523434638977,0.08187835663557053
274,0.9542626738548279,0.04063249006867409
275,0.9488444924354553,0.045653849840164185
276,0.9496744275093079,0.04484084993600845
277,0.9511604309082031,0.043543148785829544
278,0.9524503946304321,0.042632561177015305
279,0.9446768760681152,0.0503353625535965
280,0.9421226382255554,0.049954574555158615
281,0.9460124969482422,0.04894694313406944
282,0.9482111930847168,0.047841139137744904
283,0.9536350965499878,0.0412982776761055
284,0.9495418667793274,0.045625947415828705
285,0.9379574060440063,0.05918237939476967
286,0.9513471126556396,0.04360506311058998
287,0.9543440937995911,0.040542732924222946
288,0.9202472567558289,0.0740077868103981
289,0.8769060969352722,0.1039067804813385
290,0.8934404253959656,0.09813103079795837
291,0.9529966115951538,0.041152238845825195
292,0.9540482759475708,0.0409109890460968
293,0.9347990155220032,0.05873888358473778
294,0.9488458633422852,0.04604482278227806
295,0.8924034237861633,0.08999082446098328
296,0.9494600892066956,0.046173617243766785
297,0.9492500424385071,0.04690692201256752
298,0.8715609908103943,0.11511367559432983
299,0.9418808817863464,0.05433228239417076
300,0.9465734958648682,0.04817292094230652
301,0.9071022868156433,0.0947568416595459
302,0.9507575631141663,0.044073984026908875
303,0.9542893767356873,0.040696825832128525
304,0.9528940916061401,0.04188709333539009
305,0.8416206240653992,0.12775619328022003
306,0.9504478573799133,0.04469521343708038
307,0.9345122575759888,0.06181781366467476
308,0.9539634585380554,0.04093334823846817
309,0.9383960962295532,0.054278094321489334
310,0.9423372745513916,0.05482638627290726
311,0.9523462653160095,0.04282311350107193
312,0.9526552557945251,0.042238909751176834
313,0.8991581797599792,0.08984982222318649
314,0.8797244429588318,0.0969630777835846
315,0.9308155179023743,0.06604868918657303
316,0.9071985483169556,0.08960412442684174
317,0.9522877931594849,0.04321122169494629
318,0.9426760077476501,0.04931085929274559
319,0.9516974687576294,0.04300984740257263
320,0.9433088898658752,0.051629483699798584
321,0.9386277198791504,0.05720541626214981
322,0.9147933125495911,0.07843214273452759
323,0.8737509250640869,0.1085057258605957
324,0.9012448787689209,0.09266895800828934
325,0.914426863193512,0.07868559658527374
326,0.9118062853813171,0.08324261754751205
327,0.898841381072998,0.08667480200529099
328,0.9281173944473267,0.06633453816175461
329,0.9414771795272827,0.05340614914894104
330,0.9217274188995361,0.07175584882497787
331,0.9387274384498596,0.054441265761852264
332,0.8347498774528503,0.15616454184055328
333,0.9539523720741272,0.040975891053676605
334,0.9418816566467285,0.05218537524342537
335,0.9283949136734009,0.06760281324386597
336,0.9514477849006653,0.04352238401770592
337,0.9487979412078857,0.044581376016139984
338,0.9470379948616028,0.04867439717054367
339,0.9536036252975464,0.041267573833465576
340,0.9515823125839233,0.04337737336754799
341,0.9273617267608643,0.07064434140920639
342,0.6636367440223694,0.23996345698833466
343,0.9530951380729675,0.04153590276837349
344,0.9297646284103394,0.06153246760368347
345,0.9030383825302124,0.09082398563623428
346,0.9540494084358215,0.0408782996237278
347,0.9447061419487,0.051361292600631714
348,0.9520949721336365,0.042926136404275894
349,0.9389112591743469,0.05746892839670181
350,0.8394311666488647,0.12051669508218765
351,0.9522145390510559,0.04251193627715111
352,0.8716570734977722,0.09991385042667389
353,0.9539083242416382,0.040726713836193085
354,0.9393197298049927,0.05789880082011223
355,0.9491222500801086,0.04590539634227753
356,0.8836272358894348,0.09643133729696274
357,0.9407292604446411,0.054343320429325104
358,0.9540707468986511,0.040885601192712784
359,0.9183608889579773,0.08061236888170242
360,0.9480856657028198,0.04829299822449684
361,0.9541584253311157,0.04080931097269058
362,0.9541805982589722,0.040838684886693954
363,0.8585478067398071,0.11632870137691498
364,0.9286572933197021,0.07087957859039307
365,0.8888863325119019,0.09970320016145706
366,0.8972390294075012,0.08436737209558487
367,0.9514914155006409,0.04352941736578941
368,0.8772081136703491,0.1141858920454979
369,0.9521303176879883,0.04263598099350929
370,0.9474722146987915,0.047094061970710754
371,0.9313486814498901,0.06376543641090393
372,0.9472707509994507,0.04724748805165291
373,0.9494690895080566,0.045684099197387695
374,0.9537538886070251,0.041066791862249374
375,0.953610897064209,0.04106340929865837
376,0.9509189128875732,0.04349888861179352
377,0.9336239099502563,0.060150451958179474
378,0.8851510286331177,0.0986533984541893
379,0.9535183310508728,0.04136601462960243
380,0.9521546363830566,0.04321233555674553
381,0.9264850616455078,0.06858019530773163
382,0.9526084661483765,0.04153965413570404
383,0.8768106698989868,0.09940259158611298
384,0.9519878029823303,0.04226306453347206
385,0.9419012069702148,0.05225339159369469
386,0.8553566932678223,0.11116106808185577
387,0.9507447481155396,0.04377136379480362
388,0.9287371039390564,0.06643188744783401
389,0.8798670172691345,0.10138361155986786
390,0.9539605379104614,0.04101090505719185
391,0.9482879042625427,0.047724027186632156
392,0.9542135000228882,0.040618568658828735
393,0.9320076107978821,0.06694770604372025
394,0.9468784332275391,0.049702782183885574
395,0.9442391991615295,0.05199459195137024
396,0.667134165763855,0.2716907858848572
397,0.756791889667511,0.21562930941581726
398,0.8894909024238586,0.0943315178155899
399,0.9354063272476196,0.05765823647379875
400,0.9176028966903687,0.0712490826845169
401,0.9465937614440918,0.04862080514431
402,0.9422318339347839,0.05343765392899513
403,0.8163726925849915,0.13476212322711945
404,0.9006981253623962,0.08637368679046631
405,0.9522594809532166,0.042751461267471313
406,0.9533865451812744,0.04163413867354393
407,0.9441367983818054,0.04976115748286247
408,0.9301037788391113,0.06867025792598724
409,0.943122923374176,0.052041176706552505
410,0.9133851528167725,0.07671279460191727
411,0.9457622766494751,0.0500725656747818
412,0.9493901133537292,0.04631970077753067
413,0.9538270831108093,0.04130849614739418
414,0.9538675546646118,0.041040919721126556
415,0.9506423473358154,0.04388544335961342
416,0.9346458315849304,0.0590197890996933
417,0.9471293091773987,0.04763106256723404
418,0.9498685002326965,0.04482955485582352
419,0.9479466080665588,0.04672130569815636
420,0.9537970423698425,0.041296012699604034
421,0.9024301171302795,0.08694307506084442
422,0.9434805512428284,0.052991271018981934
423,0.9512980580329895,0.04309828206896782
424,0.9533379077911377,0.04110480472445488
425,0.9088608026504517,0.08400328457355499
426,0.9449529051780701,0.049764037132263184
427,0.9488856196403503,0.04760186746716499
428,0.9524371027946472,0.04247724264860153
429,0.9523957967758179,0.04241732507944107
430,0.9131686091423035,0.07538727670907974
431,0.9540232419967651,0.04089203476905823
432,0.9272823929786682,0.06937487423419952
433,0.908427357673645,0.08227796107530594
434,0.9532032608985901,0.04226727411150932
435,0.9508682489395142,0.04467982053756714
436,0.9535853266716003,0.04128902778029442
437,0.9455374479293823,0.05096938833594322
438,0.9431702494621277,0.05285545811057091
439,0.9339940547943115,0.06560833007097244
440,0.9512250423431396,0.04399050027132034
441,0.9508230686187744,0.04428305849432945
442,0.9528574347496033,0.04220416024327278
443,0.9445804953575134,0.04641415551304817
444,0.9538488984107971,0.040929220616817474
445,0.9434472918510437,0.05192795395851135
446,0.9505416750907898,0.04327226057648659
447,0.9334313869476318,0.06068447232246399
448,0.9133626222610474,0.07854019105434418
449,0.9520703554153442,0.04276634007692337
450,0.9227941632270813,0.07087210565805435
451,0.9515840411186218,0.0436997190117836
452,0.948091447353363,0.047648172825574875
453,0.7095261216163635,0.20079921185970306
454,0.9513238072395325,0.044375982135534286
455,0.9542588591575623,0.04079122841358185
456,0.9507557153701782,0.04356207326054573
457,0.9415513873100281,0.05497188866138458
458,0.7412952780723572,0.22234134376049042
459,0.9531220197677612,0.04195442795753479
460,0.8998795747756958,0.09162968397140503
461,0.9482432007789612,0.04643625020980835
462,0.9408237934112549,0.050593383610248566
463,0.9437817931175232,0.05280865356326103
464,0.8606663942337036,0.11535242199897766
465,0.9542471170425415,0.040692683309316635
466,0.9518359303474426,0.04313184320926666
467,0.9325011968612671,0.06684701144695282
468,0.9203119874000549,0.07449496537446976
469,0.9538572430610657,0.0413924865424633
470,0.9496501088142395,0.04527754336595535
471,0.9541584253311157,0.04080931097269058
472,0.9345921874046326,0.06170615926384926
473,0.903658926486969,0.08536894619464874
474,0.9386113286018372,0.053440067917108536
475,0.9239417910575867,0.06798633188009262
476,0.9237041473388672,0.07312943786382675
477,0.947269856929779,0.04741649329662323
478,0.9521976709365845,0.042427003383636475
479,0.9423980116844177,0.05140551179647446
480,0.954271137714386,0.04105500876903534
481,0.9265419840812683,0.06485822051763535
482,0.9465878009796143,0.04934411123394966
483,0.9245926141738892,0.06875421851873398
484,0.9528534412384033,0.042429130524396896
485,0.9470871090888977,0.048321858048439026
486,0.953407883644104,0.04142294079065323
487,0.9517993330955505,0.043196339160203934
488,0.9469547271728516,0.048384908586740494
489,0.9432215690612793,0.05222831666469574
490,0.9130993485450745,0.07681075483560562
491,0.9245373010635376,0.07043340802192688
492,0.9526593685150146,0.04268869012594223
493,0.8330526947975159,0.12930400669574738
494,0.9486632347106934,0.044978391379117966
495,0.9185565114021301,0.07386115193367004
496,0.8456204533576965,0.12655100226402283
497,0.9442485570907593,0.04840651899576187
498,0.953529953956604,0.041410114616155624
499,0.9223076105117798,0.07686944305896759
500,0.9537837505340576,0.0410250686109066
501,0.9352899193763733,0.057976823300123215
502,0.949510395526886,0.04571196436882019
503,0.9542391896247864,0.04065537825226784
504,0.953307569026947,0.04094517603516579
505,0.9535608291625977,0.0413689911365509
506,0.9536815881729126,0.041096992790699005
507,0.8978755474090576,0.08494828641414642
508,0.8971875905990601,0.08933574706315994
509,0.9540614485740662,0.04101947695016861
510,0.9531856775283813,0.041694533079862595
511,0.9426487684249878,0.05169975757598877
512,0.9538348317146301,0.041082050651311874
513,0.9527542591094971,0.0422896109521389
514,0.9083364605903625,0.08334507793188095
515,0.9496161341667175,0.04544205591082573
516,0.9539515376091003,0.04090610891580582
517,0.949504017829895,0.04605604335665703
518,0.9435795545578003,0.05303451791405678
519,0.9540096521377563,0.040950167924165726
520,0.9378252625465393,0.05928230285644531
521,0.869120717048645,0.10071831941604614
522,0.953913688659668,0.04092785343527794
523,0.9092991352081299,0.08049316704273224
524,0.9473624229431152,0.04713171347975731
525,0.9536778926849365,0.04138724505901337
526,0.939239501953125,0.05565201863646507
527,0.9510554671287537,0.04367613047361374
528,0.9272103309631348,0.06986118853092194
529,0.9510231614112854,0.04425792023539543
530,0.9204310774803162,0.0723557248711586
531,0.9519242644309998,0.04296867921948433
532,0.9383677840232849,0.061334624886512756
533,0.9523866176605225,0.04225466400384903
534,0.9509615898132324,0.04406730458140373
535,0.9482383131980896,0.04667067155241966
536,0.9500701427459717,0.04486461728811264
537,0.9107234477996826,0.08269891887903214
538,0.9532931447029114,0.04155033454298973
539,0.9510001540184021,0.04457831755280495
540,0.8991771340370178,0.07929684966802597
541,0.9500572085380554,0.045678313821554184
542,0.9521366953849792,0.042997196316719055
543,0.9152771234512329,0.07765701413154602
544,0.9477815628051758,0.04789315536618233
545,0.9288443326950073,0.06892697513103485
546,0.9443196654319763,0.050965409725904465
547,0.9143883585929871,0.07535789161920547
548,0.95059734582901,0.04486764967441559
549,0.9530136585235596,0.042100340127944946
550,0.9529918432235718,0.041775017976760864
551,0.950556755065918,0.04459331929683685
552,0.9492343664169312,0.0467105507850647
553,0.9512199759483337,0.043912116438150406
554,0.9430662393569946,0.05068577826023102
555,0.9521976709365845,0.04261702299118042
556,0.8589701652526855,0.1210922971367836
557,0.9522354602813721,0.04286716878414154
558,0.9522048830986023,0.04246125742793083
559,0.941345751285553,0.05215078964829445
560,0.9532099366188049,0.04168926179409027
561,0.6968653202056885,0.2032158076763153
562,0.8428720831871033,0.12723858654499054
563,0.9520583748817444,0.04260307922959328
564,0.9535938501358032,0.04130716249346733
565,0.9527494311332703,0.042148903012275696
566,0.8837730884552002,0.10015366971492767
567,0.9459162950515747,0.04972701147198677
568,0.9458056688308716,0.049152255058288574
569,0.9148682355880737,0.07235278189182281
570,0.9525691866874695,0.04101905599236488
571,0.9258714914321899,0.06797733902931213
572,0.7010006308555603,0.20957349240779877
573,0.9380629062652588,0.056488487869501114
574,0.9535934329032898,0.041826747357845306
575,0.676841139793396,0.23300892114639282
576,0.7944508194923401,0.15682843327522278
577,0.9056585431098938,0.07935385406017303
578,0.9534890651702881,0.04129800572991371
579,0.9525561928749084,0.04272382706403732
580,0.8593265414237976,0.10985694825649261
581,0.9428029656410217,0.0516766682267189
582,0.9512690305709839,0.04379860311746597
583,0.8985799551010132,0.08783459663391113
584,0.8736765384674072,0.10044995695352554
585,0.9388208985328674,0.05439503863453865
586,0.9529467225074768,0.042349714785814285
587,0.9368892312049866,0.05962296575307846
588,0.9440739750862122,0.04964300990104675
589,0.9278907179832458,0.06495853513479233
590,0.9524440169334412,0.0415409617125988
591,0.9120910167694092,0.07625970989465714
592,0.8225374817848206,0.13854864239692688
593,0.7312488555908203,0.19021877646446228
594,0.9533963203430176,0.04180542379617691
595,0.9095380902290344,0.07370481640100479
596,0.9458795785903931,0.049006201326847076
597,0.9532417058944702,0.041860248893499374
598,0.9534088969230652,0.04151243716478348
599,0.9522015452384949,0.042850788682699203
600,0.951335608959198,0.04392441734671593
601,0.9133793115615845,0.074659064412117
602,0.9522262811660767,0.04297756031155586
603,0.9517481327056885,0.04285620525479317
604,0.9542292952537537,0.040747229009866714
605,0.9511909484863281,0.044030431658029556
606,0.9240195751190186,0.07099156081676483
607,0.9496588110923767,0.04504783824086189
608,0.9530335664749146,0.041850972920656204
609,0.9535838961601257,0.041256699711084366
610,0.9336995482444763,0.061977557837963104
611,0.9354268908500671,0.05839847773313522
612,0.9264037013053894,0.07147810608148575
613,0.9455582499504089,0.04945136234164238
614,0.929192304611206,0.06468161195516586
615,0.9527378678321838,0.04198567569255829
616,0.9541071057319641,0.04084942489862442
617,0.9528252482414246,0.04220676049590111
618,0.8687042593955994,0.11439678072929382
619,0.9533455967903137,0.04142901673913002
620,0.9532315135002136,0.04207199439406395
621,0.9344775676727295,0.061562467366456985
622,0.915701150894165,0.07864246517419815
623,0.9474765658378601,0.04570576921105385
624,0.9389182925224304,0.056055884808301926
625,0.9480894207954407,0.04689289629459381
626,0.9437615871429443,0.04983358457684517
627,0.9467819333076477,0.04878396540880203
628,0.839000403881073,0.13139469921588898
629,0.9521129131317139,0.0429169200360775
630,0.9212952852249146,0.07432571798563004
631,0.9515047669410706,0.04360729083418846
632,0.7855625152587891,0.16916927695274353
633,0.9208231568336487,0.07201319932937622
634,0.9282158613204956,0.06738602370023727
635,0.9453108310699463,0.050886962562799454
636,0.9389309287071228,0.057108450680971146
637,0.9427912831306458,0.048964548856019974
638,0.9496887922286987,0.04518413916230202
639,0.9533199071884155,0.041955359280109406
640,0.95229572057724,0.042854852974414825
641,0.9535006880760193,0.04137495905160904
642,0.9469385147094727,0.0458463616669178
643,0.9540168046951294,0.04089980199933052
644,0.9414225816726685,0.05435541644692421
645,0.9244102835655212,0.06445985287427902
646,0.9421065449714661,0.05104159563779831
647,0.9434834122657776,0.051716968417167664
648,0.9469383955001831,0.04929501190781593
649,0.9464231133460999,0.04895060881972313
650,0.9039740562438965,0.08328577131032944
651,0.9537125825881958,0.0411897748708725
652,0.7749463319778442,0.18355372548103333
653,0.9329037666320801,0.06493274867534637
654,0.9301950931549072,0.06000915542244911
655,0.9514592289924622,0.043598778545856476
656,0.945906400680542,0.051179684698581696
657,0.9535138010978699,0.041126638650894165
658,0.9364678263664246,0.06295856833457947
659,0.9269224405288696,0.06412753462791443
660,0.952577531337738,0.042801931500434875
661,0.9257827997207642,0.06891704350709915
662,0.9537105560302734,0.04138226807117462
663,0.9536986351013184,0.041332945227622986
664,0.9187858700752258,0.07079426944255829
665,0.9262018203735352,0.06059778109192848
666,0.9527077674865723,0.04354413226246834
667,0.9079568386077881,0.08630386739969254
668,0.9341385364532471,0.06066390126943588
669,0.9529046416282654,0.04230116680264473
670,0.9538969397544861,0.04096526652574539
671,0.9422749876976013,0.049061667174100876
672,0.95321124792099,0.0417940728366375
673,0.9428459405899048,0.052033036947250366
674,0.9468676447868347,0.045620717108249664
675,0.9539988040924072,0.04100797325372696
676,0.8793401718139648,0.11539111286401749
677,0.9533711671829224,0.041748665273189545
678,0.9343817830085754,0.06230303272604942
679,0.8822593092918396,0.10023131221532822
680,0.912472128868103,0.08039823174476624
681,0.937067985534668,0.057885222136974335
682,0.7141963839530945,0.2214137762784958
683,0.953930675983429,0.04061737284064293
684,0.8870069980621338,0.09569782018661499
685,0.947672963142395,0.046963680535554886
686,0.9539873003959656,0.041153982281684875
687,0.9542163014411926,0.04076211526989937
688,0.9540352821350098,0.040801893919706345
689,0.9487500786781311,0.04517786204814911
690,0.9225350022315979,0.06869783252477646
691,0.9153439998626709,0.08125130087137222
692,0.8916428685188293,0.09347794204950333
693,0.9489437937736511,0.04566817730665207
694,0.9403223395347595,0.054277099668979645
695,0.914713978767395,0.0721302181482315
696,0.9234893918037415,0.07152976840734482
697,0.9263405203819275,0.06379485875368118
698,0.9311213493347168,0.06454648822546005
699,0.9529233574867249,0.04259955883026123
700,0.9514973163604736,0.043981827795505524
701,0.9477343559265137,0.046254854649305344
702,0.9396013617515564,0.054723743349313736
703,0.9528152942657471,0.04184288904070854
704,0.9530380964279175,0.04217781871557236
705,0.9412789940834045,0.05351095274090767
706,0.9347327947616577,0.06024455651640892
707,0.8347941637039185,0.13579095900058746
708,0.9324119091033936,0.0682409331202507
709,0.9536065459251404,0.04093170538544655
710,0.9222118854522705,0.07194460183382034
711,0.9503374695777893,0.04427264630794525
712,0.8620174527168274,0.13091899454593658
713,0.9457230567932129,0.0505082942545414
714,0.9538794755935669,0.04113225266337395
715,0.9359755516052246,0.05998135730624199
716,0.9484925866127014,0.04806296527385712
717,0.9511332511901855,0.04418834671378136
718,0.9153358340263367,0.08410121500492096
719,0.9383910894393921,0.05259700492024422
720,0.8187863826751709,0.14103665947914124
721,0.954164981842041,0.04076451063156128
722,0.9533960819244385,0.041481249034404755
723,0.9521413445472717,0.04289664328098297
724,0.9459412693977356,0.04825843498110771
725,0.953221321105957,0.04176606610417366
726,0.9535890817642212,0.04097966477274895
727,0.7800613641738892,0.18867073953151703
728,0.9522014260292053,0.04283742234110832
729,0.9528416395187378,0.042247023433446884
730,0.9061334133148193,0.0848105251789093
731,0.9481862187385559,0.04729076102375984
732,0.9119146466255188,0.08068530261516571
733,0.9486836194992065,0.04563853517174721
734,0.9394916296005249,0.05853601545095444
735,0.9374896883964539,0.057118285447359085
736,0.925730288028717,0.06868364661931992
737,0.9083271026611328,0.07564296573400497
738,0.9509133696556091,0.043476421386003494
739,0.9346315860748291,0.06026149168610573
740,0.8174958825111389,0.16937434673309326
741,0.9311146140098572,0.07251706719398499
742,0.9469126462936401,0.04787805676460266
743,0.9077296853065491,0.08167775720357895
744,0.9515166878700256,0.043463725596666336
745,0.9234161972999573,0.06665933132171631
746,0.9270333647727966,0.06849091500043869
747,0.7984083294868469,0.17916586995124817
748,0.9451705813407898,0.05057452619075775
749,0.9540430903434753,0.04085085168480873
750,0.9481419324874878,0.04508290812373161
751,0.949521005153656,0.04584744572639465
752,0.9527969360351562,0.04207631200551987
753,0.789135754108429,0.18472471833229065
754,0.9393495917320251,0.05570172145962715
755,0.9450858235359192,0.050977956503629684
756,0.9125214219093323,0.07518552243709564
757,0.9514889121055603,0.04335210099816322
758,0.9432090520858765,0.05083175376057625
759,0.9475367069244385,0.04680383950471878
760,0.9493915438652039,0.04552910104393959
761,0.9472119808197021,0.04724036529660225
762,0.9244726896286011,0.0715528130531311
763,0.9531269073486328,0.04167499765753746
764,0.7082041501998901,0.2245868444442749
765,0.9459741115570068,0.04867349565029144
766,0.9542173743247986,0.04070737212896347
767,0.9094304442405701,0.08207721263170242
768,0.9536705017089844,0.041145965456962585
769,0.953291118144989,0.04151441156864166
770,0.9179443717002869,0.07589716464281082
771,0.9075213074684143,0.07704544067382812
772,0.952370822429657,0.04225974529981613
773,0.8667043447494507,0.10427096486091614
774,0.9222120046615601,0.07127793878316879
775,0.9528561234474182,0.04206661507487297
776,0.9523727893829346,0.04244297742843628
777,0.9514453411102295,0.04250688850879669
778,0.9529688358306885,0.04216523468494415
779,0.7897181510925293,0.17140109837055206
780,0.95261549949646,0.04204865172505379
781,0.9262839555740356,0.07314011454582214
782,0.9506475329399109,0.044714365154504776
783,0.9531843066215515,0.04170231521129608
784,0.9530878067016602,0.04241952300071716
785,0.9448481202125549,0.05052506923675537
786,0.9506610035896301,0.04385902360081673
787,0.9163106679916382,0.0858381912112236
788,0.9524892568588257,0.04253305867314339
789,0.9532007575035095,0.04188088700175285
790,0.9513372182846069,0.0433778390288353
791,0.953395426273346,0.041657812893390656
792,0.8850265145301819,0.09913118183612823
793,0.9481651782989502,0.046608250588178635
794,0.9462826251983643,0.04888162761926651
795,0.9410603046417236,0.05537526682019234
796,0.8584728837013245,0.10860858112573624
797,0.9531632661819458,0.042185619473457336
798,0.9428713917732239,0.05151130631566048
799,0.9409478306770325,0.05531654506921768
800,0.9488717317581177,0.045590050518512726
801,0.9390702247619629,0.05484125018119812
802,0.9164164662361145,0.07679247856140137
803,0.9524173140525818,0.042617395520210266
804,0.8974575996398926,0.08929096907377243
805,0.9533330202102661,0.04146980494260788
806,0.9526010751724243,0.04191207140684128
807,0.9539445638656616,0.041156135499477386
808,0.9449372887611389,0.04962882772088051
809,0.8681154847145081,0.10713772475719452
810,0.9224122762680054,0.07392195612192154
811,0.9192925691604614,0.07334292680025101
812,0.9086213111877441,0.08308564871549606
813,0.953093409538269,0.041762061417102814
814,0.952401876449585,0.04295513778924942
815,0.9539316892623901,0.0411391481757164
816,0.9540563225746155,0.04083256796002388
817,0.93843674659729,0.0550825335085392
818,0.9522407650947571,0.04272856563329697
819,0.9512017965316772,0.04409356415271759
820,0.9535837769508362,0.041316527873277664
821,0.94981849193573,0.04551349952816963
822,0.9497228860855103,0.04590872675180435
823,0.9516689777374268,0.04313650727272034
824,0.9498723745346069,0.04526127502322197
825,0.8969420790672302,0.0928647518157959
826,0.9538592100143433,0.04107925295829773
827,0.9506296515464783,0.044278334826231
828,0.9466062784194946,0.048454400151968
829,0.9488855004310608,0.045202985405921936
830,0.8161410093307495,0.1450376957654953
831,0.9271593689918518,0.06559492647647858
832,0.9519955515861511,0.042621809989213943
833,0.9510024189949036,0.04507039859890938
834,0.9482085108757019,0.04641334339976311
835,0.928001880645752,0.06659384071826935
836,0.9542105197906494,0.04094123840332031
837,0.9087985754013062,0.08142899721860886
838,0.7245500683784485,0.19708630442619324
839,0.9380117654800415,0.057906001806259155
840,0.9479671716690063,0.04695044085383415
841,0.9195446968078613,0.07463379204273224
842,0.8942962288856506,0.08651664108037949
843,0.9526294469833374,0.041499506682157516
844,0.9515301585197449,0.043147094547748566
845,0.9476022124290466,0.04832058772444725
846,0.9127867817878723,0.08069366961717606
847,0.7938573360443115,0.15248066186904907
848,0.8233147859573364,0.14742448925971985
849,0.9502554535865784,0.04456038773059845
850,0.9528495073318481,0.042085085064172745
851,0.9471209049224854,0.04862414672970772
852,0.9500227570533752,0.04496564343571663
853,0.8944206237792969,0.09262822568416595
854,0.9533106088638306,0.04193137586116791
855,0.9511717557907104,0.04399481043219566
856,0.832463264465332,0.1346009522676468
857,0.9455791711807251,0.048205334693193436
858,0.9540624022483826,0.04138794541358948
859,0.9432182908058167,0.05212333798408508
860,0.8994752764701843,0.08125404268503189
861,0.9415326714515686,0.05368037894368172
862,0.94524085521698,0.049882594496011734
863,0.9153602123260498,0.07910613715648651
864,0.9539896249771118,0.04085864499211311
865,0.9535735845565796,0.04137035459280014
866,0.9536254405975342,0.04157857969403267
867,0.9529967308044434,0.04251641035079956
868,0.9526773691177368,0.042106207460165024
869,0.9445129036903381,0.050620678812265396
870,0.9543043375015259,0.04070311039686203
871,0.9503926038742065,0.04554029181599617
872,0.9260653257369995,0.0656002089381218
873,0.9500660300254822,0.04539486765861511
874,0.9463196396827698,0.049468714743852615
875,0.9542173743247986,0.04070737212896347
876,0.9526431560516357,0.042206455022096634
877,0.9399130940437317,0.054550476372241974
878,0.9419299960136414,0.05343440920114517
879,0.9523249864578247,0.04241735488176346
880,0.9364116787910461,0.06051667034626007
881,0.8633832931518555,0.12396563589572906
882,0.9248892068862915,0.06738891452550888
883,0.9498227834701538,0.046143658459186554
884,0.9452032446861267,0.0507313534617424
885,0.9526078701019287,0.042364366352558136
886,0.951751708984375,0.04349092021584511
887,0.9535833597183228,0.041621364653110504
888,0.9500764608383179,0.04529993608593941
889,0.9535191059112549,0.041392408311367035
890,0.8950030207633972,0.09056729823350906
891,0.9470497965812683,0.04804754629731178
892,0.9300181865692139,0.06398758292198181
893,0.6263746619224548,0.2811562120914459
894,0.802532970905304,0.16924409568309784
895,0.9490622878074646,0.0455281063914299
896,0.9540592432022095,0.04088101163506508
897,0.933430552482605,0.06424173712730408
898,0.9491114616394043,0.046415962278842926
899,0.9265883564949036,0.06505832821130753
900,0.9496444463729858,0.0452895425260067
901,0.9444642663002014,0.055471889674663544
902,0.934785783290863,0.057999301701784134
903,0.9525489211082458,0.042189862579107285
904,0.9198707938194275,0.0753851979970932
905,0.9498230218887329,0.04563481733202934
906,0.9435281753540039,0.05213714390993118
907,0.9460042119026184,0.0508732832968235
908,0.7144097685813904,0.21905763447284698
909,0.6286945939064026,0.2718150019645691
910,0.9422659277915955,0.05429958179593086
911,0.9538515210151672,0.040967073291540146
912,0.9486390352249146,0.047286659479141235
913,0.6994315981864929,0.27336159348487854
914,0.9086858630180359,0.0825740247964859
915,0.9541844725608826,0.04072028771042824
916,0.9178508520126343,0.08157496899366379
917,0.9542593955993652,0.040668193250894547
918,0.9376882910728455,0.05806930363178253
919,0.9452263712882996,0.04942663758993149
920,0.934659481048584,0.05941528081893921
921,0.9467906951904297,0.048785027116537094
922,0.7368844747543335,0.1928206831216812
923,0.9529773592948914,0.0419781394302845
924,0.7342599034309387,0.20704863965511322
925,0.9526262879371643,0.04246886447072029
926,0.7684164643287659,0.17783397436141968
927,0.9423978328704834,0.05187312141060829
928,0.9390246868133545,0.05714330077171326
929,0.904301106929779,0.0906982570886612
930,0.9520928263664246,0.043037742376327515
931,0.9518521428108215,0.04299621656537056
932,0.8685895204544067,0.09928638488054276
933,0.8867635726928711,0.09802047908306122
934,0.9459839463233948,0.05020782724022865
935,0.9253038167953491,0.07031915336847305
936,0.9500430822372437,0.04458172246813774
937,0.953982412815094,0.040913257747888565
938,0.9055685997009277,0.08400292694568634
939,0.8976024985313416,0.0945720374584198
940,0.9427289962768555,0.05132356286048889
941,0.9460497498512268,0.04815404489636421
942,0.9507027864456177,0.044576216489076614
943,0.9508597254753113,0.04469380900263786
944,0.9397927522659302,0.060078129172325134
945,0.9250534772872925,0.07074365019798279
946,0.91672682762146,0.07336629182100296
947,0.9409707188606262,0.05470099672675133
948,0.9376063346862793,0.06232572719454765
949,0.9069814682006836,0.0852527767419815
950,0.9105376601219177,0.0859387069940567
951,0.9408119916915894,0.05659189075231552
952,0.9329291582107544,0.06371929496526718
953,0.9539264440536499,0.04103359580039978
954,0.9507395625114441,0.045038048177957535
955,0.948876678943634,0.044867631047964096
956,0.9044191837310791,0.08537125587463379
957,0.9427754878997803,0.053157322108745575
958,0.9523606896400452,0.04246989265084267
959,0.9429250359535217,0.05051661655306816
960,0.9340330958366394,0.06187254190444946
961,0.9536131620407104,0.04102218151092529
962,0.9536414742469788,0.041605714708566666
963,0.8862794041633606,0.0929834395647049
964,0.8751574158668518,0.09905434399843216
965,0.9393447637557983,0.05579202249646187
966,0.9535951614379883,0.04113491252064705
967,0.9333932995796204,0.06069308519363403
968,0.9514932632446289,0.04353146627545357
969,0.9534881711006165,0.041886162012815475
970,0.8930875658988953,0.09102858603000641
971,0.9365615844726562,0.05894409120082855
972,0.9448062777519226,0.0506647452712059
973,0.9542378783226013,0.040566109120845795
974,0.9531246423721313,0.04232262074947357
975,0.9458966851234436,0.04940861463546753
976,0.9497854709625244,0.045355044305324554
977,0.9543704390525818,0.040579382330179214
978,0.9522333145141602,0.042585112154483795
979,0.9232869148254395,0.06695536524057388
980,0.9492387771606445,0.0459141805768013
981,0.8965659141540527,0.09291867166757584
982,0.9525871276855469,0.04223547503352165
983,0.9415780305862427,0.05090966075658798
984,0.9531306624412537,0.04217681661248207
985,0.9473915100097656,0.04747363552451134
986,0.8818253874778748,0.09450392425060272
987,0.904302179813385,0.08433982729911804
988,0.9353160262107849,0.05770622566342354
989,0.9541602730751038,0.04060579091310501
990,0.937538743019104,0.05476096644997597
991,0.9450318217277527,0.04939165338873863
992,0.950126051902771,0.04456804320216179
993,0.7952743768692017,0.14527365565299988
994,0.9490081667900085,0.045055653899908066
995,0.9341397881507874,0.06241459771990776
996,0.9134036898612976,0.08267316222190857
997,0.806540310382843,0.147926464676857
998,0.9527694582939148,0.04263504594564438
999,0.8153867721557617,0.14532876014709473
1000,0.8333830833435059,0.1299285590648651
1001,0.9248761534690857,0.06946047395467758
1002,0.9480542540550232,0.04757076874375343
1003,0.9443780183792114,0.050229884684085846
1004,0.928641676902771,0.066352479159832
1005,0.7955380082130432,0.1484001725912094
1006,0.9398573040962219,0.05594073608517647
1007,0.9506828784942627,0.044255975633859634
1008,0.9537277817726135,0.04072679951786995
1009,0.9497334361076355,0.04581234231591225
1010,0.9536213278770447,0.041239894926548004
1011,0.953837513923645,0.04072670638561249
1012,0.9023222327232361,0.08788956701755524
1013,0.9049059152603149,0.08763284236192703
1014,0.9438485503196716,0.05215686932206154
1015,0.9221221804618835,0.07133558392524719
1016,0.9543870687484741,0.04052513465285301
1017,0.922930121421814,0.07171417027711868
1018,0.9093151688575745,0.08320512622594833
1019,0.954353928565979,0.04100295528769493
1020,0.9073522686958313,0.08647861331701279
1021,0.9429198503494263,0.05100725218653679
1022,0.951007604598999,0.043513860553503036
1023,0.9343443512916565,0.05952613800764084
1024,0.9436760544776917,0.05132969096302986
1025,0.9477097988128662,0.04735606163740158
1026,0.9537988305091858,0.04113879054784775
1027,0.9150102138519287,0.07348901033401489
1028,0.9395942091941833,0.05508630722761154
1029,0.9535134434700012,0.041680559515953064
1030,0.9502089619636536,0.044663216918706894
1031,0.9517996311187744,0.04275456815958023
1032,0.92530757188797,0.07371558994054794
1033,0.9542471170425415,0.040692683309316635
1034,0.7688582539558411,0.16107721626758575
1035,0.9316935539245605,0.07200077176094055
1036,0.9528492093086243,0.04185621440410614
1037,0.9518558979034424,0.042882345616817474
1038,0.9516950249671936,0.04361403360962868
1039,0.9278679490089417,0.06853248178958893
1040,0.933168888092041,0.060352686792612076
1041,0.9451087713241577,0.04947707802057266
1042,0.9539080262184143,0.041119977831840515
1043,0.8299317359924316,0.13441799581050873
1044,0.9134718179702759,0.07847233861684799
1045,0.9538208246231079,0.04099435359239578
1046,0.7478560209274292,0.216981902718544
1047,0.5749824047088623,0.3248002827167511
1048,0.9524122476577759,0.04269517958164215
1049,0.9231998920440674,0.07434462755918503
1050,0.9405263066291809,0.05541041120886803
1051,0.8064490556716919,0.16232411563396454
1052,0.952271044254303,0.043186385184526443
1053,0.8621088862419128,0.11140257120132446
1054,0.9461570978164673,0.04890197142958641
1055,0.9517101049423218,0.04411974176764488
1056,0.9226828217506409,0.0718553215265274
1057,0.9494062662124634,0.04527919366955757
1058,0.9536815881729126,0.041497185826301575
1059,0.9522829055786133,0.04246007278561592
1060,0.9024776220321655,0.09035678207874298
1061,0.9218056797981262,0.07377231121063232
1062,0.8784624934196472,0.1195901483297348
1063,0.9497370719909668,0.04421659931540489
1064,0.949616014957428,0.04558812081813812
1065,0.9515626430511475,0.043064333498477936
1066,0.9530112743377686,0.04187978059053421
1067,0.9534931778907776,0.04131675884127617
1068,0.9114453196525574,0.08341012895107269
1069,0.9126548767089844,0.07799804210662842
1070,0.9491939544677734,0.045294858515262604
1071,0.9482743144035339,0.0457037091255188
1072,0.95123291015625,0.042689379304647446
1073,0.8765261769294739,0.10346931219100952
1074,0.9332500696182251,0.06690841913223267
1075,0.9415058493614197,0.05399974063038826
1076,0.9495402574539185,0.04518301784992218
1077,0.9422165751457214,0.051444098353385925
1078,0.9143193960189819,0.07217184454202652
1079,0.9355217218399048,0.05740426108241081
1080,0.9446617960929871,0.04941851645708084
1081,0.9320397973060608,0.06572409719228745
1082,0.9390884041786194,0.0561620369553566
1083,0.7679910659790039,0.19029559195041656
1084,0.9525166153907776,0.042231615632772446
1085,0.9510181546211243,0.044038981199264526
1086,0.9447265863418579,0.05049357935786247
1087,0.9448317885398865,0.05069367215037346
1088,0.9484572410583496,0.046386852860450745
1089,0.927191436290741,0.06429854780435562
1090,0.9429039359092712,0.051932018250226974
1091,0.9527637958526611,0.042086295783519745
1092,0.9522964358329773,0.04304255172610283
1093,0.8847929835319519,0.09841058403253555
1094,0.9535955190658569,0.041181281208992004
1095,0.950435996055603,0.04585011675953865
1096,0.9516604542732239,0.04339511692523956
1097,0.9464223384857178,0.04830383509397507
1098,0.9481769800186157,0.04905400052666664
1099,0.950111448764801,0.04508945718407631
1100,0.9491611123085022,0.04607676714658737
1101,0.9524649381637573,0.04218186438083649
1102,0.7672643065452576,0.17821766436100006
1103,0.948826789855957,0.046427495777606964
1104,0.8549971580505371,0.1300085335969925
1105,0.9475374817848206,0.04787839576601982
1106,0.9531295895576477,0.04184221103787422
1107,0.9459981322288513,0.04673055559396744
1108,0.9377987384796143,0.0560702420771122
1109,0.8437685966491699,0.12242342531681061
1110,0.932104229927063,0.06489228457212448
1111,0.9020612835884094,0.0845048725605011
1112,0.8444440364837646,0.14389468729496002
1113,0.9518910050392151,0.04323520138859749
1114,0.8996074199676514,0.0931159183382988
1115,0.8971123695373535,0.08814498782157898
1116,0.9526481628417969,0.04225357249379158
1117,0.9131629467010498,0.07998569309711456
1118,0.9535240530967712,0.04125851020216942
1119,0.9509589672088623,0.044099967926740646
1120,0.9429756999015808,0.052418846637010574
1121,0.951593816280365,0.04322238266468048
1122,0.9500221014022827,0.044675011187791824
1123,0.9299863576889038,0.06051987037062645
1124,0.9315963983535767,0.06483446806669235
1125,0.9512494206428528,0.04405232146382332
1126,0.9376819729804993,0.05800558626651764
1127,0.951636791229248,0.04307148605585098
1128,0.9528191089630127,0.04176439344882965
1129,0.9331778287887573,0.06382831931114197
1130,0.9494669437408447,0.045277997851371765
1131,0.9506019949913025,0.04444247856736183
1132,0.8800712823867798,0.09342067688703537
1133,0.9424626231193542,0.05218400061130524
1134,0.8886023759841919,0.09735886752605438
1135,0.8614277839660645,0.113922119140625
1136,0.9487279653549194,0.04529410973191261
1137,0.8474326729774475,0.12095563113689423
1138,0.9537214040756226,0.04109713062644005
1139,0.9068623185157776,0.07425447553396225
1140,0.7279738783836365,0.19896180927753448
1141,0.8720405697822571,0.10923993587493896
1142,0.889859139919281,0.09428305178880692
1143,0.9103130102157593,0.08090700954198837
1144,0.9529948830604553,0.04187518358230591
1145,0.9322569966316223,0.06430254876613617
1146,0.9478006362915039,0.04723026975989342
1147,0.9542020559310913,0.0407528430223465
1148,0.9275603294372559,0.06297540664672852
1149,0.9493993520736694,0.046439193189144135
1150,0.9539495706558228,0.040855832397937775
1151,0.7946369647979736,0.17653314769268036
1152,0.952389657497406,0.04294192045927048
1153,0.9338415265083313,0.061670493334531784
1154,0.9412636160850525,0.05247197300195694
1155,0.9229084253311157,0.06670109182596207
1156,0.8999400734901428,0.08987583965063095
1157,0.7535694241523743,0.20182210206985474
1158,0.9510666131973267,0.04324403777718544
1159,0.9391773343086243,0.056197941303253174
1160,0.9163746237754822,0.08177906274795532
1161,0.951793909072876,0.04442834481596947
1162,0.7640185952186584,0.1854429841041565
1163,0.9539716839790344,0.04093240201473236
1164,0.9451552033424377,0.05005902424454689
1165,0.9530248045921326,0.041298363357782364
1166,0.9424371123313904,0.052506834268569946
1167,0.9432554244995117,0.05272101238369942
1168,0.950033962726593,0.0455508716404438
1169,0.9468187689781189,0.04820382595062256
1170,0.9260310530662537,0.06585747748613358
1171,0.9488415122032166,0.04497703164815903
1172,0.9517982006072998,0.042017269879579544
1173,0.9270790219306946,0.06787705421447754
1174,0.9540867209434509,0.04073576256632805
1175,0.9197216033935547,0.0750025063753128
1176,0.8750929832458496,0.0941338762640953
1177,0.6072805523872375,0.28668707609176636
1178,0.9511510133743286,0.04369797557592392
1179,0.9266998171806335,0.06703628599643707
1180,0.8868512511253357,0.09008605778217316
1181,0.9521699547767639,0.0424378402531147
1182,0.9363298416137695,0.058304883539676666
1183,0.9151259064674377,0.07163236290216446
1184,0.9347288608551025,0.061221957206726074
1185,0.9352555274963379,0.06538495421409607
1186,0.9140629768371582,0.08150972425937653
1187,0.9535644054412842,0.04100263491272926
1188,0.9543384313583374,0.040600940585136414
1189,0.9497391581535339,0.04560111090540886
1190,0.9391905665397644,0.05471859127283096
1191,0.8806458711624146,0.09609325230121613
1192,0.9372795820236206,0.05452419072389603
1193,0.9524469375610352,0.041930556297302246
1194,0.9538047909736633,0.0409536138176918
1195,0.9182144403457642,0.07417403161525726
1196,0.9339747428894043,0.05772024020552635
1197,0.9528467059135437,0.04243481904268265
1198,0.9437925815582275,0.050162173807621
1199,0.9506540298461914,0.04442356526851654
1200,0.9531984925270081,0.0416884645819664
1201,0.9493969082832336,0.04509422183036804
1202,0.9540884494781494,0.04148310422897339
1203,0.9532114863395691,0.04153703525662422
1204,0.9516893029212952,0.04440341144800186
1205,0.9531420469284058,0.041644442826509476
1206,0.8966342806816101,0.08607751131057739
1207,0.9445408582687378,0.05001562088727951
1208,0.9254285097122192,0.06549838930368423
1209,0.9540432095527649,0.04048328846693039
1210,0.939517617225647,0.055592719465494156
1211,0.9334067106246948,0.06362324953079224
1212,0.9039941430091858,0.08217577636241913
1213,0.9522520303726196,0.04235232621431351
1214,0.9171826839447021,0.07666858285665512
1215,0.9454265236854553,0.049615275114774704
1216,0.9497795701026917,0.04478246346116066
1217,0.93687903881073,0.05504129081964493
1218,0.8828126788139343,0.09555570781230927
1219,0.9278156757354736,0.06680352240800858
1220,0.9105284214019775,0.08530835062265396
1221,0.9373185038566589,0.0582662895321846
1222,0.9328436851501465,0.06348515301942825
1223,0.893301248550415,0.0936008095741272
1224,0.9250986576080322,0.06439877301454544
1225,0.9528054594993591,0.04209854081273079
1226,0.888534426689148,0.09857981652021408
1227,0.953768789768219,0.041582562029361725
1228,0.9037619233131409,0.08395582437515259
1229,0.9535910487174988,0.0413387268781662
1230,0.9380740523338318,0.060594335198402405
1231,0.9528304934501648,0.04192516952753067
1232,0.9502867460250854,0.04551512375473976
1233,0.9475710988044739,0.04773133993148804
1234,0.9524223804473877,0.04310254752635956
1235,0.9364516139030457,0.05724172294139862
1236,0.9501965641975403,0.04460351914167404
1237,0.9540005326271057,0.04100320115685463
1238,0.9526991844177246,0.04199611768126488
1239,0.9504461288452148,0.04494311660528183
1240,0.8721045255661011,0.10304240137338638
1241,0.8871930241584778,0.09527449309825897
1242,0.925319492816925,0.0685434490442276
1243,0.9519016742706299,0.0421409085392952
1244,0.7468238472938538,0.20849382877349854
1245,0.9201726913452148,0.07126583904027939
1246,0.9520335793495178,0.04306574538350105
1247,0.9506064653396606,0.04370647296309471
1248,0.9531129002571106,0.04175436869263649
1249,0.9385657906532288,0.05607264116406441
1250,0.9074543714523315,0.0832924097776413
1251,0.9492860436439514,0.04572838172316551
1252,0.9541917443275452,0.040741611272096634
1253,0.9525617957115173,0.04225226864218712
1254,0.9490739107131958,0.04563209414482117
1255,0.9532375931739807,0.04183134436607361
1256,0.8949142694473267,0.09323128312826157
1257,0.9224945306777954,0.06658460199832916
1258,0.9528008103370667,0.042879506945610046
1259,0.9410813450813293,0.05272819101810455
1260,0.9507880210876465,0.04427536949515343
1261,0.949023425579071,0.04581195488572121
1262,0.9502351880073547,0.045224033296108246
1263,0.6296801567077637,0.2975102961063385
1264,0.9539146423339844,0.04095727577805519
1265,0.9260526299476624,0.0641823410987854
1266,0.950049877166748,0.04408201202750206
1267,0.6983566284179688,0.22948290407657623
1268,0.9419130682945251,0.053662337362766266
1269,0.9447876811027527,0.049783654510974884
1270,0.953284502029419,0.041784774512052536
1271,0.9395536184310913,0.056362494826316833
1272,0.6610578894615173,0.2800077497959137
1273,0.9457788467407227,0.049098897725343704
1274,0.9447456002235413,0.05060869827866554
1275,0.9521497488021851,0.04204932600259781
1276,0.9116599559783936,0.07691112905740738
1277,0.9541216492652893,0.04113345965743065
1278,0.9526100754737854,0.04189193248748779
1279,0.9073758721351624,0.08448091149330139
1280,0.9529243111610413,0.04201169312000275
1281,0.9326907992362976,0.06475700438022614
1282,0.9137725234031677,0.07348474115133286
1283,0.9292364716529846,0.06650970131158829
1284,0.9528524279594421,0.04202669486403465
1285,0.9159148931503296,0.0736871063709259
1286,0.9505402445793152,0.044515613466501236
1287,0.9506479501724243,0.04408416152000427
1288,0.9540640115737915,0.040872953832149506
1289,0.948039710521698,0.047629114240407944
1290,0.9409074783325195,0.05280311033129692
1291,0.7738810777664185,0.16479240357875824
1292,0.9309185147285461,0.06351922452449799
1293,0.9305540323257446,0.06237297132611275
1294,0.7586716413497925,0.17803449928760529
1295,0.9386773109436035,0.058257706463336945
1296,0.9394197463989258,0.05844249948859215
1297,0.9221336245536804,0.07645633816719055
1298,0.9384260177612305,0.055669743567705154
1299,0.9529207348823547,0.042139600962400436
1300,0.951043963432312,0.043448276817798615
1301,0.6889854669570923,0.23144006729125977
1302,0.6924483180046082,0.25026485323905945
1303,0.9419903755187988,0.05298968032002449
1304,0.9432475566864014,0.05228506773710251
1305,0.9535548686981201,0.041346609592437744
1306,0.9115971326828003,0.07781024277210236
1307,0.953056275844574,0.041856054216623306
1308,0.8471210598945618,0.12815700471401215
1309,0.9523118138313293,0.04239654168486595
1310,0.9536405205726624,0.04099790379405022
1311,0.865899920463562,0.12082630395889282
1312,0.9497255682945251,0.045904405415058136
1313,0.9238829016685486,0.06746862828731537
1314,0.9264794588088989,0.06262543797492981
1315,0.8943678736686707,0.10100613534450531
1316,0.9219624400138855,0.07298950850963593
1317,0.9499918818473816,0.04522915184497833
1318,0.9382025599479675,0.05769389122724533
1319,0.9379863739013672,0.055379223078489304
1320,0.9527786374092102,0.04224399849772453
1321,0.9456366896629333,0.050401244312524796
1322,0.9479637742042542,0.04760365188121796
1323,0.9504214525222778,0.045278165489435196
1324,0.8886358737945557,0.1021394431591034
1325,0.9369626641273499,0.05718550086021423
1326,0.9468382596969604,0.04744146019220352
1327,0.926366925239563,0.07253971695899963
1328,0.9419422745704651,0.052378762513399124
1329,0.9229816198348999,0.06896170228719711
1330,0.9513499140739441,0.04407893493771553
1331,0.9341728687286377,0.059747423976659775
1332,0.9342805743217468,0.05906213819980621
1333,0.9508765339851379,0.04426746070384979
1334,0.9447339177131653,0.04950115829706192
1335,0.9506490230560303,0.043135907500982285
1336,0.9503771066665649,0.04461979866027832
1337,0.9425760507583618,0.05253397673368454
1338,0.6791737675666809,0.23513498902320862
1339,0.9540510177612305,0.040838710963726044
1340,0.9351246953010559,0.05933891236782074
1341,0.9110583662986755,0.08259899169206619
1342,0.9068045020103455,0.08657984435558319
1343,0.9393426775932312,0.06021122634410858
1344,0.9445059895515442,0.04987359791994095
1345,0.9300445318222046,0.06082884967327118
1346,0.8772582411766052,0.10613260418176651
1347,0.8304107785224915,0.1366625875234604
1348,0.9271817207336426,0.06553695350885391
1349,0.9373594522476196,0.056449901312589645
1350,0.9513891935348511,0.044105175882577896
1351,0.9539241790771484,0.04113157466053963
1352,0.9502530694007874,0.04494966194033623
1353,0.9434337019920349,0.052432917058467865
1354,0.9542142152786255,0.040776416659355164
1355,0.9525606036186218,0.04245994612574577
1356,0.9472813010215759,0.04740429297089577
1357,0.849682629108429,0.11882278323173523
1358,0.9536640048027039,0.04124830663204193
1359,0.9518647789955139,0.04289085045456886
1360,0.7829955816268921,0.18386946618556976
1361,0.9463935494422913,0.04619525372982025
1362,0.9520061612129211,0.04234587401151657
1363,0.9484722018241882,0.04677722230553627
1364,0.9495452046394348,0.045240383595228195
1365,0.9486629366874695,0.04658858850598335
1366,0.9520110487937927,0.04255916550755501
1367,0.9512221217155457,0.04352390021085739
1368,0.8080712556838989,0.16209158301353455
1369,0.8879218697547913,0.09471574425697327
1370,0.9487082362174988,0.04662904143333435
1371,0.9158945083618164,0.0755452886223793
1372,0.9099963903427124,0.08159476518630981
1373,0.9530400633811951,0.041721146553754807
1374,0.9516245126724243,0.04326488450169563
1375,0.6905336976051331,0.23939265310764313
1376,0.9178853034973145,0.07191134244203568
1377,0.9541193842887878,0.04098401963710785
1378,0.9524036049842834,0.04243719205260277
1379,0.9535734057426453,0.04155086725950241
1380,0.9414598941802979,0.05452880263328552
1381,0.9507410526275635,0.0449444018304348
1382,0.884899377822876,0.10269283503293991
1383,0.8580976128578186,0.11840861290693283
1384,0.9452282786369324,0.05025607720017433
1385,0.7772164940834045,0.1804777830839157
1386,0.932092010974884,0.0600527748465538
1387,0.9391210079193115,0.05586773157119751
1388,0.6364998817443848,0.27095675468444824
1389,0.9528249502182007,0.04200331121683121
1390,0.91819828748703,0.0807175263762474
1391,0.8307909965515137,0.12889812886714935
1392,0.9542211890220642,0.041817765682935715
1393,0.9476479291915894,0.04716755449771881
1394,0.9537431597709656,0.041202716529369354
1395,0.9039783477783203,0.08682230859994888
1396,0.9538502097129822,0.04101649299263954
1397,0.9419443607330322,0.051490575075149536
1398,0.9529115557670593,0.04225843399763107
1399,0.9335851669311523,0.06171951815485954
1400,0.9527609944343567,0.042210716754198074
1401,0.9540768265724182,0.04089191183447838
1402,0.9504243731498718,0.044017497450113297
1403,0.9240145683288574,0.06957866996526718
1404,0.9495472311973572,0.045599326491355896
1405,0.948621928691864,0.046897586435079575
1406,0.9525548815727234,0.04274876415729523
1407,0.9469442367553711,0.05041596293449402
1408,0.9523347020149231,0.04248983412981033
1409,0.9444053769111633,0.05216367170214653
1410,0.9521234035491943,0.043114371597766876
1411,0.7978549599647522,0.15398526191711426
1412,0.9455583691596985,0.05322738736867905
1413,0.9322834014892578,0.06294630467891693
1414,0.9412890672683716,0.054486531764268875
1415,0.9526658654212952,0.041978273540735245
1416,0.9133712649345398,0.0814937874674797
1417,0.9516299962997437,0.0431864857673645
1418,0.9542020559310913,0.0407528430223465
1419,0.9542792439460754,0.04106647148728371
1420,0.9519557952880859,0.042518045753240585
1421,0.9519927501678467,0.04409991577267647
1422,0.9323194026947021,0.062400706112384796
1423,0.9425026178359985,0.05306026339530945
1424,0.9455356597900391,0.05020204931497574
1425,0.9539621472358704,0.04101032763719559
1426,0.9407411813735962,0.0532759353518486
1427,0.9537771940231323,0.04156779870390892
1428,0.9212261438369751,0.06953924149274826
1429,0.9525406956672668,0.04205174371600151
1430,0.9519324898719788,0.042185887694358826
1431,0.901570737361908,0.08878699690103531
1432,0.946420431137085,0.04841244965791702
1433,0.948524534702301,0.047224488109350204
1434,0.941571056842804,0.05459143966436386
1435,0.9439924955368042,0.05186286196112633
1436,0.9437299370765686,0.0517745241522789
1437,0.9218295216560364,0.07461757212877274
1438,0.9519457817077637,0.04350344091653824
1439,0.9327507615089417,0.06461181491613388
1440,0.9445632696151733,0.0562642440199852
1441,0.9319330453872681,0.06250747293233871
1442,0.9450436234474182,0.054111987352371216
1443,0.926429808139801,0.06325852870941162
1444,0.9418745636940002,0.053572360426187515
1445,0.9543493986129761,0.04065355658531189
1446,0.9323787689208984,0.06317712366580963
1447,0.9343203902244568,0.06295397877693176
1448,0.9391174912452698,0.054851360619068146
1449,0.9464586973190308,0.048848506063222885
1450,0.9202974438667297,0.07354772835969925
1451,0.9535596370697021,0.04133330285549164
1452,0.9516081809997559,0.04222548380494118
1453,0.9535837769508362,0.04186927527189255
1454,0.910917341709137,0.076339952647686
1455,0.9539761543273926,0.041028108447790146
1456,0.930435061454773,0.061647679656744
1457,0.8290753364562988,0.13267843425273895
1458,0.924247682094574,0.06693707406520844
1459,0.9515700936317444,0.04393316060304642
1460,0.9240226149559021,0.07143723219633102
1461,0.9445309638977051,0.049614325165748596
1462,0.9119749069213867,0.07884375005960464
1463,0.9534307718276978,0.04208420217037201
1464,0.9411011934280396,0.052605465054512024
1465,0.931138813495636,0.061190132051706314
1466,0.9524186253547668,0.042835623025894165
1467,0.947944700717926,0.04705312103033066
1468,0.813350260257721,0.16424572467803955
1469,0.9402655363082886,0.062224388122558594
1470,0.9408636689186096,0.051901690661907196
1471,0.9344450831413269,0.05785839259624481
1472,0.9447482824325562,0.05455748736858368
1473,0.9531992673873901,0.04176793619990349
1474,0.9518585801124573,0.042872678488492966
1475,0.913174569606781,0.07925355434417725
1476,0.9377964735031128,0.05827033147215843
1477,0.9519591927528381,0.04294295981526375
1478,0.9478965997695923,0.04731326177716255
1479,0.9520363211631775,0.04295306280255318
1480,0.9260537624359131,0.07044980674982071
1481,0.8032238483428955,0.1446143388748169
1482,0.9483239054679871,0.0467362254858017
1483,0.9541937112808228,0.0407433807849884
1484,0.8962288498878479,0.08472329378128052
1485,0.9533854722976685,0.04166420176625252
1486,0.9508382678031921,0.04393674433231354
1487,0.9534100890159607,0.04135957732796669
1488,0.95428067445755,0.04072133079171181
1489,0.9117703437805176,0.0782131627202034
1490,0.889616847038269,0.09739523380994797
1491,0.951855480670929,0.043196387588977814
1492,0.8810034394264221,0.10582497715950012
1493,0.9531320929527283,0.04202211648225784
1494,0.717995822429657,0.2014950066804886
1495,0.9527187943458557,0.0424647182226181
1496,0.9183766841888428,0.0740777775645256
1497,0.9390804171562195,0.055111899971961975
1498,0.9536792039871216,0.04123746231198311
1499,0.9527164101600647,0.04230007156729698
1500,0.9515926241874695,0.043668992817401886
1501,0.9242658019065857,0.06703664362430573
1502,0.9535931348800659,0.04108278453350067
1503,0.9456297755241394,0.04948683828115463
1504,0.6249366402626038,0.31267115473747253
1505,0.9418434500694275,0.053583838045597076
1506,0.9342454075813293,0.06196490675210953
1507,0.9530695080757141,0.042123470455408096
1508,0.9528926014900208,0.041998185217380524
1509,0.9523977637290955,0.04238630831241608
1510,0.8718993067741394,0.10334333777427673
1511,0.9520094990730286,0.04304811358451843
1512,0.9539917707443237,0.04106255620718002
1513,0.9209468364715576,0.06627378612756729
1514,0.8299992084503174,0.1317485123872757
1515,0.8396869897842407,0.14178258180618286
1516,0.7935501337051392,0.1693500578403473
1517,0.9342031478881836,0.05803156644105911
1518,0.9248507618904114,0.06732860207557678
1519,0.9523349404335022,0.04239678010344505
1520,0.9540719389915466,0.04084288701415062
1521,0.8723039031028748,0.10812105983495712
1522,0.9387995600700378,0.05820048972964287
1523,0.9510623812675476,0.044322267174720764
1524,0.9537293910980225,0.04093750938773155
1525,0.9403387904167175,0.05287979170680046
1526,0.9065768122673035,0.09119091182947159
1527,0.9351121783256531,0.060373783111572266
1528,0.9490563869476318,0.045970380306243896
1529,0.9309688806533813,0.07019619643688202
1530,0.9528080821037292,0.04198475554585457
1531,0.8651381731033325,0.10652206093072891
1532,0.8662269115447998,0.10996309667825699
1533,0.9316194653511047,0.06793513894081116
1534,0.8986020088195801,0.08647802472114563
1535,0.9526953101158142,0.04220430552959442
1536,0.9467710256576538,0.04735875129699707
1537,0.9515396356582642,0.042554110288619995
1538,0.9441003203392029,0.0498141348361969
1539,0.9259186387062073,0.06784551590681076
1540,0.9528996348381042,0.042053934186697006
1541,0.9514691829681396,0.04299893602728844
1542,0.8812171220779419,0.10037456452846527
1543,0.9523787498474121,0.042616356164216995
1544,0.9526867866516113,0.04241439327597618
1545,0.9087579846382141,0.07164225727319717
1546,0.9520401954650879,0.04268485680222511
1547,0.9482826590538025,0.048045843839645386
1548,0.9039223194122314,0.08617967367172241
1549,0.9544403553009033,0.0405304916203022
1550,0.9221836924552917,0.07378152012825012
1551,0.9524509310722351,0.04227946326136589
1552,0.8892576098442078,0.0908522978425026
1553,0.954045832157135,0.04066803678870201
1554,0.9093811511993408,0.07816234976053238
1555,0.953404426574707,0.04151957482099533
1556,0.9131800532341003,0.08162955939769745
1557,0.9525617957115173,0.04261099547147751
1558,0.9522207975387573,0.04284074530005455
1559,0.9464598298072815,0.049321532249450684
1560,0.9516321420669556,0.04282832145690918
1561,0.9504625797271729,0.044749826192855835
1562,0.9323115944862366,0.06173109635710716
1563,0.9497748613357544,0.04648362845182419
1564,0.930477499961853,0.06866257637739182
1565,0.9455212950706482,0.049287062138319016
1566,0.9470375776290894,0.04724391549825668
1567,0.9111165404319763,0.08314407616853714
1568,0.9531973004341125,0.041333846747875214
1569,0.9543229937553406,0.040618330240249634
1570,0.9439334273338318,0.050398264080286026
1571,0.9527344703674316,0.04243053123354912
1572,0.9536917805671692,0.041204068809747696
1573,0.8601824641227722,0.11814947426319122
1574,0.9532621502876282,0.04153828322887421
1575,0.872650146484375,0.10731851309537888
1576,0.9462206959724426,0.049237210303545
1577,0.9538623690605164,0.0408884696662426
1578,0.9511350393295288,0.043952248990535736
1579,0.9503865838050842,0.04524163901805878
1580,0.9528538584709167,0.04232517257332802
1581,0.912944495677948,0.06892778724431992
1582,0.9199507832527161,0.06844859570264816
1583,0.9527730941772461,0.04154891520738602
1584,0.951558530330658,0.043325118720531464
1585,0.952244758605957,0.042654335498809814
1586,0.9124355912208557,0.07993662357330322
1587,0.9454025626182556,0.05073607340455055
1588,0.936513364315033,0.05980020388960838
1589,0.939883828163147,0.054994162172079086
1590,0.9465575814247131,0.04806319624185562
1591,0.953889787197113,0.04080379009246826
1592,0.9534123539924622,0.04160833731293678
1593,0.9518778324127197,0.0431525893509388
1594,0.9531380534172058,0.04123450443148613
1595,0.7461965084075928,0.1886128932237625
1596,0.9489109516143799,0.04778003320097923
1597,0.9535883665084839,0.041165791451931
1598,0.9538249373435974,0.041226547211408615
1599,0.9540798664093018,0.04093869403004646
1600,0.9267982840538025,0.06837455183267593
1601,0.9517467021942139,0.043053094297647476
1602,0.9469676613807678,0.04841805249452591
1603,0.9509837627410889,0.04370221868157387
1604,0.948906421661377,0.04617675766348839
1605,0.9532808065414429,0.041530873626470566
1606,0.9527915120124817,0.04287811741232872
1607,0.9121865630149841,0.08333684504032135
1608,0.9530084133148193,0.041957467794418335
1609,0.9538853764533997,0.04093409702181816
1610,0.9347147941589355,0.06379105895757675
1611,0.9330989122390747,0.05957262963056564
1612,0.9523894190788269,0.04253046214580536
1613,0.9523184895515442,0.042324360460042953
1614,0.9527326226234436,0.042163506150245667
1615,0.9445743560791016,0.04941387474536896
1616,0.9513381719589233,0.04396987706422806
1617,0.9496444463729858,0.04509463161230087
1618,0.9465827941894531,0.04815420135855675
1619,0.8936325311660767,0.09151218831539154
1620,0.9310353398323059,0.06450564414262772
1621,0.8470473289489746,0.12277395278215408
1622,0.9194300174713135,0.07385995984077454
1623,0.9482421278953552,0.04710369184613228
1624,0.9519689679145813,0.04321591556072235
1625,0.93796706199646,0.056694064289331436
1626,0.9522240161895752,0.04277750849723816
1627,0.9461314678192139,0.05070821940898895
1628,0.9402645826339722,0.05462776497006416
1629,0.9514199495315552,0.04360180348157883
1630,0.9432141184806824,0.053719013929367065
1631,0.9542217254638672,0.040737781673669815
1632,0.9517760872840881,0.04280667006969452
1633,0.9405184388160706,0.05218624696135521
1634,0.9409855604171753,0.05500197783112526
1635,0.9540870189666748,0.04089188203215599
1636,0.9525973200798035,0.04243364930152893
1637,0.9473710656166077,0.04677720367908478
1638,0.9372873902320862,0.05511701852083206
1639,0.9316923022270203,0.06162804365158081
1640,0.9530868530273438,0.04182935506105423
1641,0.9330366849899292,0.06276009976863861
1642,0.9513881206512451,0.04359965771436691
1643,0.9468136429786682,0.04849638789892197
1644,0.9298074841499329,0.061686646193265915
1645,0.9533559679985046,0.0418279804289341
1646,0.9309055805206299,0.0680541917681694
1647,0.94050133228302,0.05415048822760582
1648,0.9538509845733643,0.04099549353122711
1649,0.954049289226532,0.0409550741314888
1650,0.7497971653938293,0.2045753300189972
1651,0.9260848164558411,0.07062726467847824
1652,0.9377268552780151,0.05593246594071388
1653,0.9509720206260681,0.04391682893037796
1654,0.9340950846672058,0.0603780522942543
1655,0.9312082529067993,0.06169375777244568
1656,0.9524449110031128,0.042042508721351624
1657,0.9521228671073914,0.04239682853221893
1658,0.9374147653579712,0.05836106091737747
1659,0.9526172280311584,0.04255105182528496
1660,0.951105535030365,0.04410816729068756
1661,0.925215482711792,0.06831549853086472
1662,0.9457625150680542,0.04928218573331833
1663,0.9432594180107117,0.05145895853638649
1664,0.9493251442909241,0.04657135158777237
1665,0.9300391674041748,0.06387018412351608
1666,0.9310953617095947,0.06669069826602936
1667,0.9511057138442993,0.04377256706357002
1668,0.9540120363235474,0.04104112833738327
1669,0.9476203322410583,0.04669781029224396
1670,0.9517946839332581,0.04258398339152336
1671,0.940321147441864,0.055054496973752975
1672,0.8780254125595093,0.11419908702373505
1673,0.8864372968673706,0.10078666359186172
1674,0.9406018257141113,0.056187279522418976
1675,0.9344511032104492,0.06007414311170578
1676,0.9516621828079224,0.04353180527687073
1677,0.9291503429412842,0.06925607472658157
1678,0.7921060919761658,0.18168674409389496
1679,0.9519738554954529,0.04298194497823715
1680,0.9452508687973022,0.049823224544525146
1681,0.9494388103485107,0.045209694653749466
1682,0.933745265007019,0.06065661460161209
1683,0.9461480379104614,0.04897493124008179
1684,0.9258029460906982,0.06765260547399521
1685,0.9526479244232178,0.04251182824373245
1686,0.9250771403312683,0.0755113735795021
1687,0.9350794553756714,0.0594109408557415
1688,0.9536995887756348,0.04125909507274628
1689,0.8531962037086487,0.12527519464492798
1690,0.9422188401222229,0.053717464208602905
1691,0.934018611907959,0.06477344781160355
1692,0.8828511834144592,0.10330118983983994
1693,0.938694953918457,0.05558514595031738
1694,0.9491060972213745,0.04593316838145256
1695,0.8942261934280396,0.08637721091508865
1696,0.9521545171737671,0.042407624423503876
1697,0.9375118017196655,0.06062432378530502
1698,0.9503237009048462,0.04461036995053291
1699,0.9530459046363831,0.041879571974277496
1700,0.9081851840019226,0.08116669952869415
1701,0.9532903432846069,0.04184523969888687
1702,0.9327431917190552,0.06262868642807007
1703,0.9527325630187988,0.041996248066425323
1704,0.9531407356262207,0.04180710390210152
1705,0.9449331164360046,0.049811363220214844
1706,0.9536452889442444,0.04101034253835678
1707,0.9535300135612488,0.041529592126607895
1708,0.9162943363189697,0.07256859540939331
1709,0.9457212686538696,0.05061684176325798
1710,0.9524447917938232,0.04256327077746391
1711,0.9297712445259094,0.06865246593952179
1712,0.9312747120857239,0.062048282474279404
1713,0.9513416290283203,0.043601684272289276
1714,0.9475586414337158,0.04757130891084671
1715,0.9447207450866699,0.05154523625969887
1716,0.9412187337875366,0.05404236912727356
1717,0.9532662630081177,0.0414070226252079
1718,0.9481574892997742,0.046195924282073975
1719,0.9510484933853149,0.04349248856306076
1720,0.9507390260696411,0.04470525309443474
1721,0.9540010094642639,0.04106813296675682
1722,0.9517906904220581,0.04236437752842903
1723,0.9455004930496216,0.04795197397470474
1724,0.9255548119544983,0.06779533624649048
1725,0.9528628587722778,0.04209807142615318
1726,0.9228329658508301,0.06925860792398453
1727,0.9264724850654602,0.0660167932510376
1728,0.7467196583747864,0.1855185478925705
1729,0.9495630264282227,0.04604602977633476
1730,0.6580906510353088,0.27487441897392273
1731,0.938606858253479,0.05792596936225891
1732,0.9423058032989502,0.05763958394527435
1733,0.949248194694519,0.046601440757513046
1734,0.943840503692627,0.05039455369114876
1735,0.944148063659668,0.05052010342478752
1736,0.9441789388656616,0.05196940526366234
1737,0.9540778398513794,0.04111311957240105
1738,0.9534164667129517,0.04158896580338478
1739,0.9530123472213745,0.04263097792863846
1740,0.9535269737243652,0.04181407019495964
1741,0.953481137752533,0.041337672621011734
1742,0.9521930813789368,0.04265784099698067
1743,0.9227889180183411,0.07545311003923416
1744,0.9486870765686035,0.04679526016116142
1745,0.9453667402267456,0.05098617076873779
1746,0.9323228001594543,0.06143959239125252
1747,0.9298794269561768,0.06723008304834366
1748,0.9539524912834167,0.040929488837718964
1749,0.6647107005119324,0.28426823019981384
1750,0.9496959447860718,0.045574743300676346
1751,0.95353764295578,0.041190434247255325
1752,0.9464846253395081,0.048599909991025925
1753,0.9128425717353821,0.08251040428876877
1754,0.93665611743927,0.05759541317820549
1755,0.9539474248886108,0.040943294763565063
1756,0.9474766850471497,0.0490197129547596
1757,0.919944703578949,0.07627192884683609
1758,0.9512442946434021,0.0442529171705246
1759,0.9354909062385559,0.060294266790151596
1760,0.945509135723114,0.05028577521443367
1761,0.9490756392478943,0.04517415910959244
1762,0.9398782849311829,0.05473422631621361
1763,0.9221283197402954,0.07109429687261581
1764,0.953977108001709,0.04095930978655815
1765,0.9417206048965454,0.05234568566083908
1766,0.788304328918457,0.16379034519195557
1767,0.9450998306274414,0.051031000912189484
1768,0.9497745037078857,0.04615841433405876
1769,0.9542849063873291,0.04066319018602371
1770,0.9541543126106262,0.04056672379374504
1771,0.9521878957748413,0.04298989847302437
1772,0.9540445804595947,0.04102114588022232
1773,0.9517443180084229,0.04341457784175873
1774,0.9495600461959839,0.045256052166223526
1775,0.9539436101913452,0.0410245805978775
1776,0.9415209293365479,0.05786178261041641
1777,0.8983852863311768,0.09477958083152771
1778,0.9304562211036682,0.06622958183288574
1779,0.9533983469009399,0.04160499945282936
1780,0.9136378765106201,0.07413213700056076
1781,0.9541831612586975,0.04102647677063942
1782,0.9542657732963562,0.040648203343153
1783,0.9514204859733582,0.04312102124094963
1784,0.9353431463241577,0.0572698600590229
1785,0.9530155658721924,0.0418466180562973
1786,0.9542490839958191,0.04073400795459747
1787,0.9274815917015076,0.06544041633605957
1788,0.9461367130279541,0.04845822602510452
1789,0.8519678711891174,0.12528108060359955
1790,0.9047108888626099,0.09076667577028275
1791,0.9535766243934631,0.04149901494383812
1792,0.8698486089706421,0.10464109480381012
1793,0.9541704058647156,0.040792133659124374
1794,0.9481179118156433,0.046144045889377594
1795,0.9512675404548645,0.04345695674419403
1796,0.9538568258285522,0.04102913662791252
