index,essay_id,essay_set,essay,score,split
300,7283,3,"Throughout the riders long journey the setting greatly affected him. For example, the hot weather caused him to drink the majority of water suply making him dehydrated and tired. If the weather was cool he would have lasted much longer.",1,train
59,6645,3,"The setting in this story greatly affects the cyclist. It is an extremely hot now in California while the narrator in aiding his ride. This causes him to become delighted much faster while he is on a Short hit leading to no where. Wide signs of dried outcast winded my limb, and the growing realization that I could drop from ?? a gorgeous day in June This gust shows how that calm day really was and the fact the cyclist is sweating so much shows how much the weather is affecting him. The rolling hills in the story also affect the cyclist. By cycling towards up and down no often, it secured his journey. It cowed him to the side even longer in getting to a town with water.The deserted knowns in the setting are negatively also affected the narrator. It gave him a hopeless narration because there was no place to stop and depleting his water supply.",3,train
1568,6971,3,"In the essay Rough Road Ahead ;Do Not Exceed Posted Speed Limit by Joe Kurmaskie he goes through all kinds of settings where the going could get better or worse. I noticed the terrain changing, flat roads was replaced with short rolling @NUM1 Kurmaskie). This shows or explains that the going could get a little tougher now because he will have to be riding up hills and he is almost out of water. There was no one in sight, not a building, car, or structure of any kind (@NUM2 Kurmaskie). This explains that the man could not get water or a ride from anywhere around, because there was nothing out there to at. This is how the setting features affected the cyclists.",2,train
1186,7177,3,"The features in the story tell me that it was in a very dry, not populated area. It says that there were rolling hills, in a desert of California, and that it was dry. I think those things affected the cyclist by dehydrating him. Going up and down hills can be very tiring, especially when you dont have a lot of water left, and need to save some. The quote I had been hitting my water bottles pretty regularly, and I was traveling through the high deserts of California in June, tells me a lot about the story. In a desert in California in June during the summer is a very brave and stupid thing to do. It s twice as hot during the summer.",2,train
635,6928,3,"The features of the setting affect. Any cyclist   because with the cyclist passed many time in the bicycle had problem on his/her back  when he/she will be older. When they will be a older person and they had passed many time in the bicycle, they will had a serious problems and also they will can not walk  more.",0,train
1559,6781,3,"In the essay, Rough Road Ahead:Do Not Exceed Posted Speed Limit, the setting the cyclsit is in effects him greatly. One evening when he was resting he got into a deep conversation with a couple of elders. Eventually they got to talking about his journey, and the two men gave him direction for a shortcut. But on that morning it fit the traditional definition of a ghost town. When he arrives at the first town, he finds it deserted, this effects the cyclist because has eventually going to need more water. As he continues, he comes to a slep in the road. After I had arrested the first few of these a large highway sign jumped out at most read:ROUGH ROAD AHEAD:DO NOT EXCEED POSTED SPEED LIMIT This sign was indicating that the road was going to be bumpy, which makes it even more challamging for the cyclsit. So, the setting is very important in this essay because it has a lot to do with how the cyclist feels. When the abandoned towns come into pray, no enging to feel hopeless. When the road get bumpy, he gets tired. When he gets to an actual running store, hes relieved.",2,train
217,6597,3,"In many real-life situations, nature or a setting can be the biggest hindrance in succeeding, or even surviving. For example, the cyclist with stood the blozing heat of the sun as he pedaled through what seemed to be the @CAPS1s living room: Dry, desolate, and extremely scornful. Wide rings of dried sweat circled my shirt, and the growing realization that I could drop from a heat stroke on a gorgeous day in June. @CAPS2 and depicts the intense heats of the desert. Another feature in the setting was the every hanging hills and steps though pedaling down the hills was an easier task, traveling up the hill, as well  as maneuvering the thirsts and bends served as a direct conflict. An example, with what I believed was my last burst of energy I maneuvered a setting affect a situation is ultimately, the cyclist reached his destination is great relief. But the biggest hindrance was along his setting.                        ",3,train
25,7089,3,"People who travel will almost always encounter difficulties. For the main character in this story, thus a very true. His first mistake was when he took directions from the old-timers by doing that, he travelled extremely far out of his way. In the story he talked to the old men on the porch. He said, what I shouldnt have done was to let them see my map"".  Another problem he faced was when he began to run out of water.  This caused a problem to him because of dehydration. In the story he said, The water bottle contained any a few tantalizing sips. @CAPS1, another problem he encountered was the desert area that he was riding through. This caused problem for him because there wasnt anybody around to help him if he needed it. In the story he says, There was no one in sight, not a building, cars, or structure of any kind. By reading this story, weve realized that people encounter problems everywhere, however any problem, no matter what size, can be overcomed",1,train
1235,6517,3,The cyclist is affected by the features of the setting a lot. For example the dry hot place makes him thirsty. Then the ghost towns make it hard to get supplies. Also the bad road slowed him down. The bad roads even would probably hurt him and his bike the roads also would make him work harder.,1,train
278,7470,3,"The features of the setting affect the cyclist because he runs out of water because he is trying to traverse the terrain. In the setting there is a desert in California that he is riding through on a bike, ""I was travelling through the high deserts of California The word ""high"" means that there were hills which would make the journey even more difficult. The hills appeared later in the story as the cyclist said flat road was replaced by short, rolling hills. When the speaker says replaced he is trying to show a change of terrain. another feature of the setting is the tumbleweed that he crosses other hills, tumbleweeds crossed in path. The tumbleweeds made him remember he was in the desert because tumbleweeds are associated with the desert which brought up the thought & dying and being picked apart by birds.",2,train
144,6075,3,"In the essay Rough Road Ahead: Do Not Exceed Posted Speed Limit, the author changes the mood by not only telling us how the cyclist feels, but also by describing his environment. As he's leaving the resevoir compground hes feeling pretty good because hes just leaving the serenity of an early-summer evening and hes headed toward The cool pines and rushing rivers of Yosemite. Hes in a beautiful setting and this affects the cyclist because hes anticipating another one. However, when he moves to the ghost town and the sun was beginning to beat down hes less confident and becoming more doubtful about the mens advice. However, hes still optimistic, finally it funny that it was once a thriving little spot. Next, when the cyclist comes to one ramshackle shed, several rusty pumps and a coral he knows that things are in bad shape and he @CAPS1 water. However, all the have is a tarlike substance so he moves on, having no choice. When he comes to the rough road tumbleweeds and a ridiculously large snake it effects the cyclist by letting him know that things are at their worst and he can either give up, or keep pushing through. I doubt it could get any worse, and so does the cyclist. Finally, at the end the cyclists enters a rather modern bathroom and things are back to civilization for him, so he feels relaxed, relieved and much better. ",3,train
664,6514,3,The features of the setting affect the cyclist in many ways. He is in the desert and has a low supply of water. Without water he tired very easily .On top of that he had to pedal a bicicle. So he was thirsty and tired prambeing in the desert. This is how the setting affected the cyclist.,1,train
509,6551,3,"In the short story Do Not Exceed Posted Speed Limit by Joe Kurmaskie, he shows features of the setting played that affects the cyclist in many different ways. A setting the cyclist faces is that its so hot he keeps taking (drinking) water, and worrying that he is going to run out. Kurmaskie writes,  I had been hitting my water bottles pretty regularly, and I was traveling through the high deserts of California in @NUM1). This is what the cyclist gets affected by throuout the whole story as he releizes he could die of heatstroke if he dosent watch how much water hes drinking. Also, this is what a lot of people normally face which is a challenge cause of dehydration.",2,train
1101,6881,3,"In the story Do Not Exceed Posted Speed Limit the setting affects the cyclist in many ways. The speaker tells us that hes riding his bike in the middle of the desert in June. This shows the author is probably very hot. The author tells us that the road turned into hills and bumps. This would make it more difficult for the author because he would have to use more energy to move up the hill. And lastly, the cyclist tells us that the towns he came to were abandoned and uncared for. This would not be good for the cyclist because he would be able to get water for his trip.",2,train
486,7356,3,"The setting in the reading affected the cyclist because it was hot, dry, and nothing around. Being hot was one part of the setting that affected him because he had to drink water a lot. It was dry every where around him so he couldnt stop anywhere and cool off. Also when things got hard there was nothing around but ghost towns and abandoned buildings. This is how the setting affected him.",2,train
1618,7278,3,"In the short story Do not exeed the speed limit by Joe Kurmaskie, the setting has great impact on the cyclist. In the begining of the story he describes the scenery as ""@CAPS1"". As he continued following the old mens out dated advice. It lead  him through more barren lands. When he came to the first ""town"" he described it as a ghost town. The second setting he arrived at was One romshackle shed, several rusty pumps, and a corral that couldnt hold in the lamest muic he continued moving to the next town, which was @NUM1 away, he came to what he thought was a Welch's Grape juice factory and bootling plant. This tools a toll on his confidence because he said ""I hung my head"" he moved on and had finally arrived at un abandoned buiding called ""@PERSON2 and wilberss fish camp. ""This is where he drunk water and became repleshed. The setting had a great effect on the cyclist. Because depending on the location, decided weather he would live or die in the hot deserts of California.",2,train
182,7696,3,"In the essay Rough Road Ahead: Do Not Exceed Posted Speed Limit by Joe Kurmaskie, a cyclist is on his way trying to find his way to Yosemite National Park, but runs into a little trouble when getting directions from a couple of older men. The one lesson the cyclist learned was to never to listen to short-cuts given to you by old men who are extremly out of date and havent left their pourch since Carter was in office. The cyclist learned this the hard way when he ends up lost and almost died of thirst. The setting takes place in the desert of California or in deserted ghost towns. One his journey the cyclist says I was traveling through the high deserts of California in June. This feature effects the cyclist because of the extremely dry heat beating down on him makes him dehydrated. Also along his journey the cyclist encounters hills. The feature of the setting effects the cyclist by tiring him out and making him believe there isnt any hope of him getting out alive. Features of the setting like hills and deserts dehydrates a",2,train
1580,7268,3,"In the passage Do not exceed posted speed limit, there are many features from the setting that affected the cyclist. One feature that affected the cyclist was the snake he encountered on his way, for example in the text it says At some point, tumbleweeds crossed my path and a ridiculously large snake, I cased post, tyring to keep my balance in my dehydrated state This proves that the snake was a feature that affected the cyclist by giving him a point to stay calm even in the state he was in being dehydrated and all the affects he encountered from that.",1,train
582,7225,3,"The features of the setting affect the cyclist b/c the route, that the cyclist was taking there was a rough road him to travel. The cyclist took bad advice from some old men that hadnt left off their porches for decades.  also, as he got into his long journey he began to notice what the advice the old men had given him was bad was bad advice, the cyclist was headed to Yosemite & he had gotten some advice from ???(not legible onwards)",1,train
248,6015,3,"The features in the story great effect the cyclist. One feature of the setting that effects the cyclist is the heat. At first, the story says that the pine trees cooled the cyclist, but eventually the forest turned into a desert, and the heat poured down on him, make it hard to cycle. Another feature that effected the cyclist was the lack of water. As he moved away from his beginning point, the cyclist was drinking lots of water. But when he needed to refill, the water was brown and hot, so the cyclist didnt take any. The lack of water plus the heat formed one giant obstacle that potentialy could have killed him, but through great determination the cyclist got through this troubling time.",2,train
1180,7413,3,"The features of the setting in DO NOT EXCEED POSTED SPEED LIMIT affect the cyclist in a negative way. The terrain goes from being very mild to rough and rolling. Considering that the author does not know the layout of this terrain very well, he begins to struggle. The author is very unsure of where to go and begins encountering obstacles such as, tumbleweed, snakes and lack of water. The fact that the author is running out of water, makes continuing on a very stressful. He is worried that he will die of dehydration before he ever reaches Yosemite National Park. Finally, with much strength and determination, he reaches a fish a Fish camp. He is able to fill his water supply and regain his strength before pressing on.",3,train
199,6386,3,"The features of the setting effect the cyclist because he was in the middle of no-where with no water or direction. The man was also very thirsty and had no water left in his water bottle, he began to get very thirsty. I found an example to show that he was thirsty. The speed limit was @NUM1. I was doing a water-depleting @NUM2. Sometimes life can feel so cruel. By saying he was doing @NUM2 when it should have been @NUM1. was saying he was getting very exhausted and he needed water to get him feeling refreshed once again. Also, the fact that there was no one in sight to give him direction effected him too because he didnt know where the next refudge was. There was no one in sight, not a building, car, or structure of any kind.  From the mans point of view, he probably thought civilization was many more miles away and he probably could not make it that for. The setting effected him by making him probably begin to stress or panic a lot for the most part.",2,train
35,7082,3,"The cyclist is riding through the high deserts in California. In this environment everything looks the same for miles. The cyclist is dehydrated and is getting worse because he has no protection from the sun. It is hard for the cyclist to keep in good spirits because he is not even coming across any towns or sources of water. The cyclist says About forty miles into the pedal, I arrived at the first town. This place might have been a thriving little spot at one time- say before the last world war- but on that morning it fit the traditional definition of a ghost town. This made the cyclist doubt the old timers directions. In the wide open desert, the cyclist was only coming across something after at least twenty miles. The heat, lack of water, and lack of civilization made the cyclist think he was going to die and the birds would pick [him] clean. When the cyclist spots the abandoned Welchs factory, the cyclist says they used what seemed to be their last bit of energy. The conditions affected the cyclist",3,train
343,5989,3,"The features of the setting affect the cyclist very much so! The cyclist is riding through the hot desert. Meaning he needs lots of cold water to keep him hydrated. The longer he rides in the hot sun, the more he sweats, the more likely he will get dehydrated. If he was riding in the rain or snow it could possibly slow him down also, because he would be cold and his muscles might get stiff and not be able to move as fast. This is why the setting affects the cyclist very much so. ",1,train
916,6441,3,"In the story Do not Exceed Posted Speed Limit,"" the features of the setting affect the cyclist, it say this because the cyclist enables us of what is going around him and he feels about it. It says, one ramshack shed, several rusty pumps and a coral that couldnt hold the lamest mule greated me. The author goes on to say that it troubled him. Actually that made the author scared that maybe he was all alone in the desert with ghost town. The unplanned that the roads were rusty where the speed limit was 55 mph since he barely had any water he was going 12 mph. This tells me, hes troubled and confused about the surrounding ways, because it all desert seem light it became the author is slowly loosing hope on the travels further and further. I think its the same week people that as soon as trouble comes; or looks like its among they start losing hope and their better judgment, and life seems a lot harder.",3,train
1710,7689,3,"The young cycolist began his day confident in looking forward to his day of riding across california, slowly, however as he recognizes his been directed wrongly, his mood changes,& he begins to feel more hopless. AS he begins, he feels carefree & mody for anything. He writes ""I checked, checked my water supply & moved on. The sun was beginning to heat down, not I barely noticed it. The surroundings have little effect on him. Later, on he realizes his water was going down, & he is getting tired, his mood changed to exhaustion & defect. Here he writes i got back on the bike, but not before I gathered up a few pebbles & stuch them in my mouth with any luck Id hit a bump of lodge one in my throat. He has become sarcastic of saddened by the hoplessness of his journey. Eventually, he had relief of the cold water helps to bring up his spirits & sense of humor",3,train
61,7220,3,he wouldnt know he would be faceing while rider or the road @MONTH1 be something bad might happen to his bike or one of his bikes wheels or he might fall of his the bick he would set so tired that he cant go any more he might give it up,1,train
918,6946,3,"The setting in Rough Road Ahead: Do Not @CAPS1 Posted Speed Limit definitely affected the author. The cyclist states, ""Flat road was replaced by short, rolling hills"" (Kurmaskie @NUM1). The cyclist probably found it more difficult to navigate  through the ""hills"" as opposed to the ""Flat roads,"" making him more quickly tired. The speaker states, I could drop from heatstroke (Kurmaskie @NUM2). The speaker is implying that it is so hot outside that he could faint from a heatstroke which could slow him down. The speaker also states,""water feeling somewhere in the neighborhood of two hundred degrees""(Kurmaskie @NUM3). The author did not have any good water to drink, because it was so hot outside, which affected him in that he was dehydrated. Many aspects of the setting affected the cyclist.  ",3,train
1318,6495,3,"The second photograph better communicates ideas similar to the ideas expressed in the essay A sea worry , because the story is about a boy who surfs as a job & in the second picture a boy is surfing. The author says my son body-surfs. He says its his job. That quote was explaining that hes a body-surfer & its his occupation. This is the reason I chose the secod photograph.",2,train
263,7376,3,"Multiple parts of the setting effect the cyclist; When he arrives in a town with a water pump, but this pump doesnt have good water, when I tried a drop or two, it had the flavor of battery acid (Kurmaskie @NUM1). This part of terrain shows its effect. When he becomes very dehydrated, in my dehydrated state (kurmaskie @NUM1). Another part of the setting that effected the cyclist was when he arrived at the juice factory and it was closed which depressed him.",2,train
1438,6869,3,"It is my hot so the cyclist is very dehydrated, tired and lack of water. I checked my water supply and heated on is a good example oF this. There is also a lot of sad and deserted places with no cars around this bars the cyclists hope of finding civilization. Also not seeing any building and when he sees are it being deserted makes this very hard on the rider. Another event that takes a toll on him is when he @CAPS1 the pump that has tar, dirt, then hot water in it. Also the road plays a toll on him. I know this house he says If I could just make it to that next horizon/hill Ill be alright"".This is how I know the setting and features in the setting is affecting the cyclists mentally and physically.",1,train
313,7497,3,In the short story Do Not Exceed Posted Speed Limit a cyclist is going against heat lack of water and rough hills trying to maneuver around.,1,train
1549,6368,3,"A cyclist is a bike rider. They can be in groups of diffrent people or they can be a solo cyclist. Some cyclist go for a few miles riding there bikes some can go for more like @NUM1 miles, some go over hills, go trow water they do alot with what they do. They have alot of time on there hards to ride a bike that far.",1,train
1055,6760,3,"At some point, tumbleweeds crossed my path.. being out in the desert with limited or no water can make one feel like life is very cruel. The sun was beating down and no water or shade is seen when he reaches a point. The sign that said Rough @CAPS1 ahead; Do Not Exceed Posted Speed Limit. had to be intimidating. Considering he was on a bike he could only move so fast. Those old men probably were never off their front porch since carter was in office. yes like the writer said the world is a fluid place.  Things  change. The old men probably had close to no due what they were talking about considering things have changed since @NUM1 (when carter was in office). The snake that he came upon, must have been rather intimidating. Knowing there is a creature like that, there is bound to be more. In eseance I think the setting was a major part why the cyclist felt that way",3,train
1138,7402,3,"In the story Rough Road Ahead: Do Not Exceed Posted Speed Limit by Joe Kurmaskie, the cyclist had a couple of problems turning his journey little, amount of water, tough roads, including there were no cars on the road either. It all caused a lot of difficulty for the cyclist like on page @NUM1 paragraph one the first sentence It didnt really matter. In was going to die and the birds would pick me down The elements were so tough on the cyclist that he or she was going to going to give hope. But luckly in the end the cyclist found a place to stop and get water with directions.",2,train
275,6828,3,The features of the setting could affect this cyclist. In this case it do effect the cyclist. According to the text Sometimes life can feel so cruel. This is a good example because he knew that this road was going to be rough and he was only going 12 mph. So the features of the setting did effect the cyclist. ,1,train
1685,6872,3,"The setting in the essay ""Rough Road Ahead: Do Not Exceed Posted Speed Limit"" has a major effect on the cyclist. The setting is the high deserts of California"" where it is June and very hot. The path of the cyclist suggested by some old men makes the heat even worse because there are no people or water in sight. In the essay, the cyclist starts out the day confident and excited for his ride to Yosemite National Park. His mood changes throughout the day as after @NUM1 miles he arrives in a ""ghost town"" the old men led him to believe would be a settled town where he could get more supplies and cool off. Soon as the temperature rises to what feels like ""two hundred degrees"" the cyclist begins to run low on water and feels ""sometimes life can feel so cruel."" The heat and lack of people and water lead the cyclist to desperation and make him feel like as he says ""i was going todie."" The setting of the cyclists journey provides the mood of hopelessness and amplifies the feeling of determination felt by the cyclist to keep going at all costs because he was going to die if he stopped. The author, @PERSON1 uses the setting of the essay to help bring across his mesage that by blindly trustting people instead of trusting yourself things could end up being hard for you to overcome..       ",3,train
1241,7214,3,Well in the story Do Not Exceed Posted Speed limits by @PERSON1 the setting affects you because if you cant see any thing for miles and you are running out of water it has a sycological effect on you. You can start to panick like he did when it stoped in the old house and all that came out of the pump was battery acid. Also you don know exactly where you are so that also affects u because you dont know where to go or if you should turn back or what. If I was this person the features around me would have a lot of effect on me. ,2,train
57,6516,3,"The setting affects the cyclist because the cyclist believes that he has a nice, short, flat distance to travel to get to Yosemite but instead it is a long, hilly(rough),  hot journey. He only prepared himself for a quick ride, bringing only enough water for that ride, and wasnt prepared for the reality of his ride. First of all he is riding in the middle of the day (the hottest part) in the high deserts of colifornia in June I know when I go to camp here in @LOCATION1 during the summer I drink I drink six to seven liters, but the author only mentions a ""few bottles of water"" which aren't going to help him in that heat. Secondly, the cyclist believed that the old men had given him a safe path to follow but instead he came across a ridiculously large snake. It really looked like a diamond back That is a poisonous snake and the cyclist has barely able to ease post it because, of his lack of water. Lastly, the cyclist expected the old men to give him an easy path on a flat terrain when in fact it was replaced by short, rolling hills which means you have to put more effort (using more water) to climb the hills. The setting definetely affects the cyclist because it makes it more difficult for him to reach his destination but without a few bumps in the road, how is he to learn a life lesson?",3,train
5,7250,3,"The features of the surrounding setting affect the cyclist from hi/her performance for example, In the essay Rough Road Ahead. Do Not Exceed Posted SPeed Limit the setting is full of hills, twisting, rising and desending. All of these things are working against the energy that the cyclist has. Also, the lack of the people in towns give the cyclist a hard and depriving time on finding a water supply so he/she does not dehydrate. Third the weather in the essay has a great deal of being affected on the cyclist it is hot in the desert of California and the cyclist has to be very hydrated to continue on his bike ride.  ",2,train
350,6818,3,"Many features of the setting affect the cyclist. For instance, in the story, Do Not Exceed Posted Speed Limit the lack of water in the dry desert gave a long lasting affect on the cyclist. Wide rings of dried sweat circled my shirt, and the growing realization that I could drop from heatstroke on a gorgeous day in June simply because I listened to some gentlemen who hadnt been off their porch in decades, caused me to laugh. This shows the reader how all the heat and shortage of water has made the cyclist feel very hot dehydraded and that she could pass out any second. She is also thinking beyond that by just laughing at herself and trying to conserve every bit of energy she possibly can. As a result, the affect from the setting on the cyclist is that lack of water has given her humor and courage to keep going, to get to her final destination point.",3,train
205,7619,3,"The features of the setting dramatically affected the cyclist. He started out in a confident mood, until he arrived at a town that was deserted. His confidence was still pretty high but not like it was prior to coming upon the ghost town. Twenty miles up the road after that, he came to a fork in the road which contained a ramshackle shed rusty, unclean pumps, and a small corral. The desert was hot and his lack of water was dehydrating him. Paragraph @NUM1 states, This sight was troublingI had been hitting my water bottles regularly, and was traveling through the high deserts in California. With little water and a short energy supply he was getting tired and dehydrated quickly. The land started turning into rolling hills and caused him to become even more exhausted. His mood had gone from confident to hopeless. He even planned on changing a diary entry in case he died of heatstroke. The features obviously greatly affected the mood of the cyclist. Sometimes disappointment can come from taking the so-called easy way out. ",1,train
113,6522,3,"Features of the setting would affect me if I was the cyclist because, I would be thinking I was going to die just like he did because, there is nothing to look at, no breeze, wind, he seen a snake, he had no water. He went through three towns that had nothing. The sun was setting down on him, it was hot, he had no hope. Who knows, maybe if he would have just went with what the map had said, he would have been fine.",2,train
777,6088,3,"The features of the setting effected the cyclist very much. The text says, The sun was beginning to beat down(Kurmaskie @NUM1). The hot sun was making the cyclist sweat. He was losing water. This was making him dehadrayted faster. The text says. Flat road was replaced by short, rolling hills"" (Kurmaskie @NUM2). The hills the cyclist had to ride up were wearing him out. He was getting tierd faster. The text says. I stubled into a rather modern in bathroom and drank deeply from the sink"" (Kurmaskie @NUM3). The modern bathroom had good, cold water. This allowed the cylist to drink from it. The water replenished the cyclist allowing him to regain some of his strength. Then the cyclist could carry on.",2,train
1346,7630,3,"In the essay Rough Road Ahead: Do Not Exceed Posted Speed Limit, the setting affects the story very much for many reasons. First, it is in the summer, so it is very hot. Also, it is in the desert in the west, so there is a very warm climate already. Third, there is not any civilization on the shortcut he follows, so there is no way for the author to get any water to replenish his body with. This is how the features of the setting affect the cyclist in the story.",2,train
1023,7305,3,The scenery makes the cyclist hapy. Hes sooooooooooooo happsy! Woohoo! happsy,0,train
257,6849,3,"In the essay, Do Not Exceed Posted Speed Limit by Joe Kurmaskie, the setting greatly affected the cyclist. In this story, the cyclist is heading for Yosemite National Park, thinking it wise, he accepts directions from a group of eccentric old men. He begins his journey confidently on flat terrain and with a large supply of water. The first of three promised towns had been resigned to that of a ghost town. The second offered only water that slightly resembled battery acid. The cyclist soon becomes exhausted from lack of water and having to cross the now hilly terrain. He barely makes it to the third town to realize that the juice factory was out of business. The cyclist becomes sure that he is going to die of lack of water when he stumbles across a bait store. If it hadnt been so hot, if the towns along the way had offered better resources and if the terrain hadnt been so hilly, the cyclist would have had a very enjoyable ride. All of the affore mentioned factors of the setting greatly affected the cyclist.",3,train
321,7281,3,"In the story Do Not Exceed Posted Speed Limit by Joe Kurmaskie the features of the setting affects the cyclist by draining him of energy, he is sweating so much, he keeps on drinking his water and slowly finishes it and still has a long ride ahead of him. The water bottles contained only a few tantalizing sips.(Kurmaskies) since is was so hot the cyclist was thirsty and drank all of his water. It was a warm day and he needed to stay hydrated.",2,train
558,7500,3,"How the features of the setting affected the cyclist. The feature was that you should never take advice from old people that never get out of the house. For example in the story it says, Never accept travel advice from collection of old. times who havent left confines of their porches since carter was in office. This affecting the setting because if it werent for his map and let them take a peek at it, That would of saved him a load of trouble.",1,train
881,6447,3,"FLAT ROADS, HILLS, BUILDING - ALL ARE SETTINGS THAT AFFECTED THE CYCLIST. WHILE THE HILLS WERE FLAT THE CYCLIST WAS DETERMINED HE COULD MAKE IT AND WASNT GOING TO GIVE UP ON HIMSELF. WHEN THE HILLS GOT BIGGER AND HARDER TO PEDAI, HE BEGAN TO GET EXHAUSTED AND TIRED. LASTLY, THE BUILDINGS WERE WHAT MADE HIM WANT TO GIVE UP. WHEN HE SEES THE BUILDING OF THE WELCHS GRAPE JUICE FACTORY AND THE YOUNG BOY DRINKING HE HUNG HIS HEAD. HE WAS GETTING MORE TIRED AS HE WENT ALONG. THE LAND WAS MAKING HIM FEEL AS IF HE DIDNT WANT TO KEEP MOVING ALONG.",2,train
236,6040,3,In the essay  Rough Road Ahead Do Not exede posted speed him if many of the featutres of the setting affect the cyclist. At first the cyclist goes by river wich he wount find later in the journey.As he goes along in the journey the heat and lack of water starts to affect him. Also he finds a water fountain that pours hot water with the flavor that has long since been shut down. The cyclist is affected by many features of the setting.,1,train
1525,6929,3,"The setting in the essay Rough Road ahead; Do not Exceed the speed limit affected the narrator in many ways. The first thing that affected his ride was the heat. at first he didnt really notice but then it began to slow him down. Then the ways of the roads began to affect his ride, the roads went from flat sheet to short, rolling hills. The road change and the heat made him say I could drop from heatstroke. Then because of the old towns he went through he was unable to get water. The water pumps were so old and unused for so long that the water was of very poor quality.",2,train
949,6757,3,"The features of the setting greatly affected the cyclist in this story. First, when he got to the road sign that said Rough Road Ahead he was already low on water, but that made things much worse. The rough road made it harder for him to pedal; therefore, he was working harder and getting thirsty. Also, when he stopped at the old Welchs Grape Juice Factory, he noticed some pebbles on the ground and shoved them in his mouth. Id read once that sucking on stones helps take your mind off thirst by allowing spit you have left to circulate. Lastly, GARY AND WILBERS FISH CAMP, could possibly have saved the cyclists life. He stopped there and finally got a well deserved drink of water to settle his dehydration and fear. The setting and features severly affected the cyclist throughout his journey.  ",2,train
670,6478,3,"The features of the setting including vast emptiness, hills, heat, and no water all create obstacles for the cyclist in Do Not Exceed Posted Speed Limit. @CAPS1 to the vast emptiness of the area in which he was traveling he could not stop somewhere to ask for help or to take a rest. Also there were no other travelers so he could not ask for assistance from them. Another obstacle during his trip are the hills. It takes more energy to pedal up hill so he ends up tiring easily and taking longer than expected. There is also extreme heat which causes him to sweat and even become even more thirsty. So he ends up running out of water. In the story he writes, The water bottles contained only a few tantalizing sips. He is now becoming thirsty and if he doesnt find water he @MONTH1 dehydrate. He searches for a place to rest where there @MONTH1 be water but he is not able to. All of these obstacles cause the cyclist to become devastated and give up hope but he continues his travel and eventually finds a place to rest. All of these obstacles tying into another.",3,train
446,7086,3,"The features of the setting affected the cyclist greatly. For example when he was riding on the road he would pick a destination and ride to it. Then he would take a break. If this destination was a building he would be strong willed and determined. If it looked like their was nothing ahead but hills, he would just ride and wait to fall over dead without a care in the world.",1,train
292,7150,3,Setting affects many things in stories. The setting in this story affected the cyclist. The setting was very hot and it slowed him do wn a lot. For example he said he was doing 55 miles,1,train
725,6528,3,"The setting really afeted the cyclist alot.The sun and hot weather dehidrated him. He also had pretty much ran out of water. In the story he says ""The bottles contained only a few drops this shows that he had drank almost all of his water. Then it says ""the growing relization that I could drop from a leaf stroke"" shows the heat was affecting him.",2,train
297,7475,3,"In Joe Kurmaskies Do Not Exceed Posted Speed Limit the features of the setting affect the cyclist alot. The terrain has a great deal to do with it. Also, the heat: First, the terrain affects the cyclist. It affects the cyclist because there is alot of hills. The text says, ""With what I believed was my last burst of energy, I maneuvered down the hill. In order to go down a hill, you had to have gone up a hill. So, having to use the energy to pedal up hills affected the cyclist alot. Next, the heat affected the cyclist. I know this because the text says and the growing realization that I could drop from heatstroke. This proves it is extremely hot outside. Heat would affect the cyclist because heat prevents you from functioning at your greatest ability. That is how the features of the setting in Do Not Exceed Posted Speed Limit affect the cyclist. The terrain affects the cyclist because of the hills. The heat because it drains your energy quick. ",2,train
384,7651,3,"The cyclist was affected by many features of the setting. The flat road soon became bumpy hills, which were made harder to cycle because of lack of water. The hot desert sun and lack of towns and people also made the journey difficult.",1,train
1210,7066,3,The features of the setting affected the cyclist because first he realized that getting advise from people that no longer drive or even leave of the porch would be unuseful. When the author say old timers who havent lest the confined of them porches since carter was in office that what he is explaining. He then say I rode  into the morning with strong legs and a smile on my face he was refering back to how hes  on the rode  alone riding the bike and theres not a car insight any where around. The curbs of the turns where so sharp that only a bicycle could make them as safe as he did He whipped the sweat from his eyes to make sure it wasnt mirage and tried not get to excited @CAPS1 in this situation would have made many people excited about the long lonely cicle by his self.,2,train
700,6388,3,"The features of the setting affect the cyclist in many ways. For example, in paragraph @NUM1 it says, I was traveling through the high deserts of California in June. @CAPS1 the heat the cyclist experienced, since he was in a desert in June, made him dehydrate faster. The heat made him drink more so he ran out of water more quickly. Then he would try and conserve water by not drinking and this would cause him to dehydrate more because he was losing body fluid in sweat secondly, in paragraph @NUM2 it says, Flat road was replaced by short, rolling hills, These hills affect the cyclist because he would need to use more energy to cycle up the hills. This would cause him to become exhausted more quickly than he would on flat land. If the setting had been different, such as not being in a hilly desert, the cyclist would not have become as dehydrated and tired as he did. In conclusion, the features of the setting affect the cyclist in many ways.",3,train
1720,6651,3,"The features of the setting greatly affect the cyclist. First of all he is travelling through a desert in California in June so the weather is extremely hot and the cyclist needs water, however as he is running out of the water he brought along with himself, he cannot find any other water himself so he is thirsty and almost dehydrated. Also, if frustrates him that when he finds water, not only is it hot it tastes like battery acid @CAPS1, when the cyclist decides to conserve some of his water and go to the next town to get more water, but there is another setback. The condition of the road is so poor, that the cyclist cannot go more that 12 mph. Thus, if he ever reaches the next town. he still will have to wait longer for the much needed water, travelling at 12 mph. The snake is also another setback that the cyclist was fortunately able to escape. Thus his major concern is the lack of water.",3,train
1179,6717,3,"The features of the setting affect the cyclist because it gives him the feeling of hopelessness. When the cyclist got directions to Yosemite from these two ??? old people, he thought he was getting a good shortcut. In reality, he was just led on a road that seemed to head nowhere where he saw many things that added to his feeling of hopelessness, for example, the author writes,  I toiled on. At some points, tumbleweeds crossed my path and an adversely large snake. It really did move like a diamondback blocked the majority of the pavement in front of me."" This shows that the cyclist is getting tired and seeing tumbleweeds, which usually represents a phase being completely deserted and deadly snakes that get in his way. This answers the question because it shows how the setting leads to his feeling of hopelessness.",2,train
195,7401,3,"Setting in Do Not Exceed Posted Speed Limit really determines how the story turns out. The setting was in deserted areas, the desert, and even roadways. In the desert, there is no water making the cyclist become dehydrated. without water, he thought he was going to die. In the road areas, the speed limits was extremly high fifty-five miles per hour. This would not be good since he is doing   a water-depleting @NUM1. When he finds areas that are abandoned, these are water pumps, but the liquid that comes out @MONTH1 be water, but it tastes like battery acid. Setting can affect alot in the story. Without this setting, the story would be alot different than it is now.",3,train
1627,6187,3,"The features of the setting affected the cyclist in many ways. He was riding his bike across a place with no cars, no people, no water, or no food. It was a dangerous journey for him but he made it.",1,train
344,6007,3,"As the cyclist is travelling to Yosemite National Park, he comes across many features in the area that affects him. First, he takes directions from some old guys who dont know anything about the changes in maps because they never leave their porch. At first, it affects him in a positive way, because he thought he had a good shortcut to Yosemite. However, the affect later came negative because it turned out to be a shortcut that never existed. Another feature that affected him wasted the setting which was a desert-like area. The heat made it harder for him to ride his bike, and he also drank a lot of his water. This later resulted in him becoming dehydrated. A positive affect was when he found the bait shop, where he rehydrated himself and got some new directions.",3,train
1616,6694,3,"The different settings in the essay/ writing affect the cyclist because of how old and hopeless they look. I think this because when the cyclist stops at the first town, hes looking around expecting to find a quaint, bustling little place, but instead he finds these abandoned, decimated old houses. And if you yourself can picture being in his situation, then you can imagine how discouraging and almost frightening that must be. As the cyclist continues for a few more miles, hes becoming slowly dehydrated, and finally sees a building. At first, he thinks this building is a mirage; he was wrong, but for him in this situation it was worse- an old juice factory, right when point you kind of get the feeling that every things turning against you and that theres no hope left. But when he finds the fishing camp, his entire perspective of things changes, and he just feels so thankful to have been saved.",3,train
1574,6302,3,"The feature of the setting affect the cyclist in many ways. When in the essay it states, The sun was beginning to beat down This shows that this affects how he feels when he is cycling through the road and this can affect his ability to keep cycling while the sun ??? him hard. Also when he states I was doing a water-depleting 12 mph, this shows he was also dehydrated once goin, very slow because of the ammount of heat and lack of water that affected his ability to keep cycling in the area.",2,train
831,7239,3,"The cyclists condition was greatly influenced by his setting because he was lost in the high deserts of California in June. The heat crippiled him or he traveled in search of Yosemite. He became lost and ran out of water making his situation worse. Being lost in seemingly the middle of nowhere in the hot heat he became exausted, dehydrated and fearing heat stroke and loss of consicencess. This is shown in the essay by, ""the growing realization that could drop from heatstroke"" And, ""It looked like i was going to lose concisness for the last time.",2,train
915,7108,3,"The cyclist is affected by the heat, the hills, and the lack of people. For example, the cyclist was growing short on water and had wide rings of dried sweat on his on shirt, and he could drop from heatstroke. The hills must have forced him to use more energy, and lasely  the land of people. If the towns still had people the cyclist wouldnt have been as affected by the setting.",1,train
1620,6783,3,"In the story, ""Rough Road Ahead: Do not Exceed Posted Speed Limit,"" by Joe kurmaskie, the features of the setting affect the cyclist. The setting of a story is the background, place, and time the story took place. In the story, a cyclist needs to get to @CAPS1 Park. He stops and gets direction from a group of old men, who arent up with the times, and the cyclist gets lost. He faces drought, a snake, and being lost in the desert, the cyclist says, ""At some point, tumbleweeds crossed my path and a ridiculously large snake  it really did look like a diamond back  blocked the majority of the pavement in front of me. I eased past, to",2,train
1167,6375,3,"The features of the setting affected the cyclist grate deal. For example, it was not and hill goet dehydrated. He went down this rusty-bumpy road, which didnt help his dehygration And another example would be he found a plane was he could set a change and find the best way to get where he was going. That the features on the setting affection the cyclist.",1,train
89,7548,3,"The features in the setting, such as the ghost town desert, and the Juice factory, give the cyclist a sense of hopelessness. He is running out of water when he comes to the ghost town, which he thought was @CAPS1 because the next town was only a short ways down the road. However when he came to the next town and attempted to use the water pump, a rather hot, foul liquid came up instead of water. He was beginning to lose hope when he came to the Welchs factory, abandoned. All hope from him at that point was lost, claiming the birds will pick me clean, To the cyclist also was best, then he was saved by a bait shop. These features in the setting gradually emptied his hope little by little, until he came to the Bait shop after which his hope, but certainly not his fait in old men, was returned.",3,train
1256,7308,3,The features of the setting affect the cyclist by making him ???  are ??? like when he rood through that ghost town. The setting is a big part of this story thats all that talk about. And when hes getting water or how the tumbleweeds are crossing the road. He was all ways thirsty and rode his bike along ways and is no paint in ??? ??? ???.,2,train
1437,7230,3,"The features of the setting affect the cyclist. One reason I say this is because he ran out of water and he could dehidrate. Also looking for water slowed him dsown more. Another reason I say this is because the man gave him the wrong directions, which got him lost and confused. That is how the setting affected the cyclist.",1,train
1307,6870,3,"Hot, alone, no water  all are reasons why the features of the setting affect the cyclist. It is very hot as the cyclist is riding. This makes the cyclist feel worried about getting dehydrated. The cyclist is alone and there is nothing in sight. If anything happened to him there is no one to help. The cyclist had very little water and had to conserve it in order too stay active and have energy. With very little water it is hard to stay hydrated. Hot, alone, no water- all are reasons why the features of the setting affect the cyclist.",2,train
690,6951,3,The features of the setting affect the cyclist because It give it more life. More meaning and make I fun to read.,0,train
947,7182,3,"The features of the setting affect the cyclist in many ways. The text first mentions that, there was no one in sight, not a building, car, or a structure of any kind. This shows that the cyclist felt in saccure and was starting to upset him. Another example from the text that describes the cyclist is, One ramshackle shed, several rusty pumps, and a corral that couldnt hold in the lamest mule greeted me. You can see through the cyclists that he was frustrated that the water from the pumps were lame. This also could have sparked fear in the cyclist because he was running out of water. He was terrified that since the water tasted like, battery acid, that he wouldnt last much longer. In- conclusion, the features of the setting affected the cyclist in many ways. ",1,train
1025,6579,3,"The features of the setting that affect the cyclist are the terrain, the lack of provisions and the power of self- determination. The terrain affected the cyclist by having he/she ride through rough paths inorder to reach their destination.For example, if you walk on sharp rocks, you are based to reach some rough spots where it seems you cant walk. But that is where selfdetermination kicks in. The power to keep yourself moving even though there @MONTH1 be obstacles in your way; you know there will be a better path or a reward at the end another example of a feature is a lack of provision on your trip, when you dont have the right provision to keep you self energised you can t get over your obstacles or even push yourself to do anything.This is why the features of the setting affect the cyclist.",2,train
179,6212,3,"It the short story Rough Rode Ahead a cyclist is pushed through an extremely harsh setting  trying to get to Yosemite National Park. In the story the narrator takes a trip to Yosemite National park after getting directions from two older men what the narrator doesn't know is that the road ahead is indeed rough. One narrator states I eased past trying to keep my balance in my dehydrated @NUM1). The narrator is really really taking a beating from the travel and this rocks, dry climate is really takens a tale. From reading this story the setting does not do any good for him other than the general store he finds in the end. Like the title states the setting of this story was a Rough Road Ahead.",2,train
540,6242,3,It affect cyclest because the condition determines the pace and even how fast they could travel.,1,train
1078,6778,3,"In this @ORGANIZATION1 I will explain how the features of the setting affected the cyclist. In the short story Rough Road A Head Do Not Exceed Posted Speed Limit, The whole ordeal occurs in the high deserts of california. @CAPS1 to the text the cyclist had taken out of date direction from elderly people who thought they new the way. The cyclist encountered a snake, ghost town ad shutdown factory. Most of the time the cyclist was going over.",1,train
117,6253,3,"When the cyclist takes off on the road again he has plenty of water, strongs legs and enjoys the sunny and warm day. But as the day gets more hot and the terrain more desert like and cough, the cyclist begins to lose his confidence, as he keeps riding, his water supply is depleting and he begins to believe that he will die. At one point, talking about the terain he says,"" i toiled on at some point, tumbleweeds crossed any path."" It sounds as if he is struggling very hard to keep going without water and a clue about where he is. When he is almost sure that he is going to die from the queruring that he says,"" i was going to die and the birds would pick me clean. This shows that by this time his confidecnce was lost because of the insane heat and unberable terrain. He begins to lose  his sanily along with his strength because the setting around him was so terrible.",3,train
1317,6313,3,"The features of the setting affect the cyclist in many ways. The cyclist persevered through the rough terrain which caused him to become weak. For example, the author states looked the majority of the pavement in front of me and ceased past tilling to keep my balance in my dehydrated state. This shows the author is dehydrated because it is so hot and he kept going even with a physical obstacle. Another thing that affected the author was that he felt like giving up because the terrain was too harsh. For instance in the text, it didnt really matter I was going to die and the birds will pick me cleary waveng only some experience outdoor gears. This shows that the author still had to go even when time get tough. The text shows how exhausted he is by the winds eating at him when he dies. He would dehydrate to the humidity of the desert and heat. In other words, the features of the setting affected the cyclist in many ways.",3,train
849,6486,3,"In the story, Rough Road Ahead, by Joe Kurmaskie, the cyclist was affected by the setting. The cyclist has said that he had to ride over terrain that was smooth at first but then turned into rolling hills. He also had to find his way around a big snake while being dehydrated. The cyclist was mainly affected because he was out of water when he was riding on his bike through a desert like area, but because he was determined to reach water he made it through.",2,train
1590,6390,3,"The cyclist in, Do not exceed posted speed limit, was affected greatly by the features of the setting. First of all the weather was extremely hot and hot weather just makes you feel exhausted and like you cant do anything. Also no one is in sight. She is all alone making her feel small and helpless. I know that when there is no one around I get scared. Finally there is no water around. The author is obviously dieing of thirst and with nothing around her she acts even thirstier.",2,train
370,6638,3,"The setting in the story Do Not Exceed Posted Speed Limit was based in the hot, and dry terrain of California. This setting affected the character mood. It did this because some of its included feature can seem as actual metaphorically based moods. An example from the story is, The cool pines and rushing rivers of Yosemite... this quote from the story could suggest the tone and the mood of the scenery which would be calm, and relaxed. So from the scene that is being seen and the mood it has would also give the character its mood.",2,train
639,6912,3,The feature's of the setting affect the cyclist because the condition's he is in without any water. the cyclist would be fine if he would have had more water for his trip. He ran out of water not to for into  his journey thanks to the heat of the setting he was in. the cyclist makes this statement. I was hitting my water bottle pretty regularly and I was traveling through the high desert of California in June. The cyclist is saying that since it is so  hot where he is he has to take regular drinks of water so he stays highdrated throughout is trip. It is also saying that in the mountians with less air and how hot it is he is not doing as well as he thought he would on the trip.,2,train
152,6425,3,"The setting very much affects the cyclist. I maneuvered down the hill. This statement shows him going down the hill. If the hill wasnt there then it would hawe been a whole lot easier for him to get to where he was going, also he would have had more energy. If there werent anyhills to get in his way.",2,train
561,7100,3,The features of the setting affect the cyclist because it is in the desert it is in the summer. It affect the cyclist because he is riding a bike. For exsempl in the story he is running out of water. He is starting to git dehyjradid.,1,train
1527,6128,3,"During his cycling trip, the author had to endure extreme heat, face snakes, deal with little or no shade and survive a dire lack of water, all problems related to the setting of Yosemite National Park. The author, cyclist Joe Kurmaskie, writes of becoming dehydrated, and describes, the sun was beginning to beat down and l was traveling through the high deserts of California in June. @CAPS1 struggle for him was crossing the path of a ridiculously large snake and trying to keep his balance in his dehydrates state. Kurmaskie ran out of water, due to the extreme heat, and upon reaching a water pump, finds the water to be unfit for drinking and in the neighborhood of zoo degrees. @CAPS1 setting-related issue for kurmaskie was the fact the area seemed deserted and he had to continue for mile until he was able to find a spot with clean water where he could rest and rehydrate.",3,train
180,6285,3,"The features of the setting affets the cyclist in afew ways. For example, the features of the Rough Road didnt allow him to arive as fast so was drive @NUM1 on a @NUM2 speed limit. Second the fact that he was drivuing through a desert a large snake made its way on the Road, causing the man to have to ""ease past, trying to keep my balance in my dehidrated state. @CAPS1 again because he was driving through the desert,hegot so hot & started to get dehydrated of lack of water. Lastly the features that there werent any buildings far miles so he was left lost and didnt have anywhere to stop & ask for directions. These few features defenitly affected the cyclist.",2,train
261,6918,3,"In the story Rough Road ahead; Do Not Exceed Posted Speed Limit a cyclist is faced with many problems. Its really hot out, practically a desert and its in June. Just knowing that makes me want some water. Also this cyclist is running short of water and still hasnt got to the place he needs to be. The roads are hills and bumpy which make it harder for him. Those are the problems this cyclist is faced with.",1,train
1,6827,3,"Do not Exceed posted speed limit, never accept travel advice from a collection of old timers who havent left the confinses of their porches sin Carter was in the office twenty miles up the road, I came to a fork as sorrs. I got down on my hands and kness, working the handle of the rasted water pump with all my strength. The water bottles contained only a few totalt and sips. He could or been sad person. And he could just be a bum.",2,train
513,7645,3,"The location of a cyclists ride affects the persons attitude and strength. If the road is full of hills, it takes a little more strength to maintain speed. When put in this situation, Kurmaskie writes It was a sad, hopeless laugh, mind you, but at least I still had the energy to feel sorry for myself. This shows how one gets drained by hills. Also, being in a desert situation can weaken a cyclist due to thirst.The cyclist in the reading was desperate enough to try pump water that looked brackish. So, setting can break a cyclist.",2,train
139,7410,3,"The features of the setting extremely affect the adjust in the ride to the meet town. It was bad enough that the adjust the out of water but on top of that by faced, rolling wills, makes and hard road condition all of these setting played a huge will in the cyclist puformance, ""it motued the terrain changing. that way was replaced by that rolling hills."" He also says ""tumbleweed around my matt and a includesouly change snake it really did look like a demand luck blocked the majority of the movement in front of me. These setting made it difficult for the adjust to reform because the hills snakes and tumbleweed disturbed the adjust to advanced in the ride. He ran out of water no it was hard to reduce up will and the night of a deadly snake made the adjust named and worked to the difficulty of pufornenance for the cyclist",3,train
197,6407,3,"Rolling hills, open terran, hgh deserts-all are features of the setting that affect the cyclist. First, Rolling Hills could take energy out of the cyclist when having to travel for miles on end. The open terrain leads to the beating sun which also puts pressure on the cyclist. Lastly, high deserts would have an affect on the cyclist because he has to pedal for mles on end in rough dry terrain putting strain on him overall.",2,train
183,6804,3,"Author Joe Kurmaskie learns the dangers of a lifeless wilderness during his experience described in do not exceed posted speed limit. As a cyclist riding in one of the most undeveloped areas in California, the lack of water found in this setting proves crippling to his survival. The trails he was directed to had no towns or sources of fresh, drinkable water for days. The combination of constant exercise riding through the terrain, lack of water and recources, California summer weather and lack of civilization trained the authors energy and caused him to suffer from dehydration. Too much exposer to these conditions could have killed him. The modern time period and year also caused the directions the author were given to be in accurate, and, thus, causing the cyclist to find him self in such a dangerous area of the country. The setting of do not exceed posted speed limit places the cyclist in a life threatening situation.",3,train
999,6055,3,In this story the cyclist is going through a desert of California. This is a reason why he is very limited on water supply. It is really hot which would cause him to drink a lot more water. He had started his journey in the morning so that the sun wasnt as hot as it would be in the middle of the day. Then it started to get a lot more sonny. So with the sun comes more heat. The rider says The sun was beginning to beat down. This would help the readers realize what time a day it was and how hot it was. This was in the morning so he didnt realize it but as it got into the afternoon he realized it and started to get dehydrated. ,2,train
1067,7429,3,"The features of the setting affect the cyclist in many ways. He is riding his bike along the road and encounters a dilema. @CAPS1 weeds crossed my path and a ridiculously large snake. Blocked the pavement in front of me. He had to stop and into by the snake which showed him down and freaked him out. He had problems with thirst already and had to deal with a snake that really did look like a diamondback. @CAPS2, he sees a building up ahead and discovers that its a walrus Grape Juice factory. He thought that is might have some water but realized it was abandoned. Relating to his thirst, before he left he grabbed some pebbles. Id read once that sucking on stones helps takes your mind off thirst by allowing what spit you have left to circulate. * @CAPS3 he came across a fishing camp and received instructions on how to go on. This affected him because he @CAPS3 got to a secure place and got proper directions and will learn from his mistake of listening to the older men at the beginning. The features of ",3,train
164,6839,3,"The setting that affect the cyclist is the condition of the road because the road turns all different ways and the road goes up hill so it makes it harder to go up the road the cyclist has @NUM1 miles befor he gets to a town he could run out of water. If he run out of water befor he gets there, he might have to make stops so he doesnt make hisself sick. When he gets to the town he can get more water.",1,train
638,7132,3,"The features of the setting affect the cyclist in many ways For example, the fact that he is pedaling a bike through the high deserts of California in June, make the intensity level of the story very high. If it would have been @DATE1 and there was a nice breeze it would be different.",1,train
1354,6046,3,"Setting can affect anyone and everyone, in this case it happened to be a cyclist. Since it was June, it happened to be pretty not outside causing the cyclist to lose more body fluid due to his constant movement producing sweat. This makes water a must have. Also, as he passes through, he comes across a sign that read: ROUGH ROAD AHEAD: DO NOT EXCEED POSTED @CAPS1. Since the road was harder to drive on, riding a bike across it isnt much easier. Anothe way the setting affected the cyclist was the snake that blocked the road, which he thought of to be a diamondback.",1,train
650,6303,3,"I believe the cyclist is a alone, and I think the old man should have shot him. I believe a bike ride that long is a little retarded. I feel that no matter how great or horrible the shape your in you should even go on a realling long rider on a bicycle.",1,train
1215,6023,3,"The three most important features of the setting that effect the cyclist are the ground he is traveling, the towns he passes, and the availability of water. The ground the cyclist is riding over is important because the rougher the terrain, and the more hills there are, the more energy he must use, and the less distance he can travel. @PERSON1 is riding fine until he must travel the rolling hills which consume his energy, ehausts his water, and causes dividing hope. As he approaches towns, his hope increases but soon fades due to the realization that the town will be unable of giving him relief. When he pumps out water that tastes like battery acid, his hope once again diminishes. As he sees the bait and tackle shop, he knows he can make it there and that when he gets there he can recover. These three features are what effects the cyclist the most.",2,train
1310,6167,3,"To begin with a feature that affect the cyclist was a lack of water this is shown when the speaker says when I tried a drop or two, it had the flavor of battery acid-thats was one of the biggest factors he had risked. ",3,train
1251,6531,3,I read Do Not Exceed Posted Speed Limit written by Joe Kurmaskie in the story the features of the setting affect the cyclist by accepting advice from old timers who havent left the confines of their porches @CAPS1 was in office,1,train
819,6345,3,"The features of the setting have a major affect on the cyclist. It is a very hot day and he is in a desert in California with a limited water supply. It starts becoming very hot, and his water supply begins to decrease quickly. The old men who he says have not left their porch since @PERSON1 was in office gave him very wrong directions to Yosemite and he ended up getting lost out in a hot California desert. He eventually came to a fishing store where he refreshed with alot o f water from the sink, and then was off again on his way to Yosemite.",2,train
539,6460,3,"In the @CAPS1 ""Do not Exceed Posted Speed limit"" many ways affect the cyclist. Three of those things are heat, lack of water, mud its anything town. The heat affects him because he gets extremely hot and tired. For example the text states."" I could die form a heatstroke on a gergeous day in June."" this shows that it was extremly hot. The cyclist had a lack of water and was very thirsty. For example it states in the text."" I eased past, trying to keep my balance in my dehydrated state."" This shows that he was very thirsty from lack of water. The last way the setting affects the cyclist is when he goes into a town and tieds it empty. The text states,"" on that morning it fit the traditional detinition at a ghost town."" This show that he expected it to be there so he could rest but it wasn't like it was appare to be things all show how the setting affected th cyclist.",2,train
1716,6546,3,"In the story, Do Not Exceed Posted Speed Limit, the author tells a story about when he took advice from old folks and became lost. The setting greatly affected him and his journey, for example tumbleweeds crossed my path, and a ridiculously large snake and a crippling hill these quotes explain that the setting was quite scary.",1,train
1484,6141,3,"In the essay Rough Road Ahead the setting greatly affects the cyclists. The @LOCATION1 desert climate burrows down upon the cyclist. For example the was further route, he takes is not only @LOCATION1, but also has no place to get water. The heat and lack of water combine for deadly dehydration upon the cyclists. The setting now forces the cyclist to become more determined if he wants to live. He must continue and pray for a town to come up, so he @MONTH1 restock on water and become hydrated once again.",2,train
443,7262,3,The features of the setting affect the cyclist because never accept travel advice from,1,train
442,7120,3,"The features in the setting, affected the cyclist in many ways. The first way the features in the setting affected the cyclist is that the whole trail was desearted leaving him alone with no water. In the story it says This place might have been a thriving little spot at one time  say, before the last world war  but on that morning it fit the traditional defination of a ghost town, this explains that he was alone and that the first town he visited was deserted. The next example of how the features and the settings",3,train
1203,6703,3,"The features of the setting affected the cyclist by making the journey more dangerous and difficult. For example, in the reading it states that rediculously large, poisonous diamond back snakes. Blocked majority of the pavement. So, the cyclist had to keep his/her balance to ease past them. The terrian also changed into short, rolling hills, making it even more difficult. ",1,train
1367,7575,3,"When the cyclist passed through the old towns the old man told him to, the setting played a big part in making his situation harder to overcome when he passed through the first abandoned town, the water source was dry and empty. The text says ""pumped the handle for several minutes but the water would not cool it tasted like battery acid. The second drink source he passed was on abandoned @PERSON1s Juice factory. The text says,a sand blasted picture of a young boy pouring a refreshing glass of juice into his mouth. These two objects made his situation mentally harder to get through because he was so close to what he needed numerous times, then it was taken away.",3,train
920,6173,3,Some features of the setting setting that affected the cyclist were signs that had speed limits. The sign affected the speed of the cyclist. Another feature was a hill on the route. This affected the cyclist by making him tired because he said I wipe the sweat from my eyes.,1,train
1065,7438,3,Well the setting was the lil boy was on the bike and he meets this old man and the man toke him a short cut. So he took dis road and I guess something went wrong.,1,train
1133,6162,3,"Hot, lack of water, lost-all are how the features of the setting affected the cyclist. First, it was hot. In one sentence he say the sun was beginning to beat down. Also that the water felt around two-hundred degrees. That sweat was all over him. So he had to be really hot. Next, the lack of water affected him and his performence. How was because he was dieing in need of water. He tried everything to get water but made it through with almost no water. Lastly, he was lost. The map that he had was wrong and the trip wasnt what he expected. But in the end he was relifed. So even toward all these negative affects he still managed to come to positive. Basically this story is explaining how if you try your hardest, never give up, and try new things you are most likely to succeed in life and other things you @MONTH1 take part of. So try your best and make way of your life and plans in your life.",2,train
285,7166,3,"The features of the setting inhance the cyclists desparate spirit. Throughout the whole journey the cyclist is by himself and there are no people, cars, or buildings around. This made him much more desparate because if he would fall of dehydration there would be no one to help him and he would just die. Also, he came upon things such as Welchs Grape Juice factory and bottling plant which got his hopes up, but would soon crush his spirits. These events made him much more desparate because he had no support from anywhere and nothing to fall back on in a life or death situation.",2,train
1583,6578,3,"The conditions for the cyclist in the story Do Not Exceed Posted Speed Limit are pretty dangerous. a ridiculously large snake blocked the majority of the pavement balance my dehydrated state bottles contained only a few tantalizing sips (kurmaskie, @NUM1). There was a rather large snake in his path. You can tell he isnt an expert on snakes because he couldnt identify it. Because he is in the desert on a long bike ride, he is dehydrated. His water supply is almost gone. The cyclist feared many dangerous challenges in his journey.",3,train
995,7582,3,"The way the settings affect the cyclist is very crucel. First, the cyclist took directions from someone who has not left thier porch in decades. So once he accepted the directions and used them problems occurred. One main problem is the cyclist has a lack of water supply. Also the cyclist has incounters with snakes. Another the directions where way off so he had longer to go then he thought. Also when he arrived from his journey he found a deserted town. So in conclusion the cyclest uses his own directions from now on.",2,train
1308,6669,3,"In the story Rough Road Ahead: Do Not Exceed Posted Speed Limit, written by Joe Kurmaskie, the author describes the setting as hot, tiresome, and aqusting. You get this picture from the author when the bikerider is describing his surroundings. The bikerider describes his as the high desserts of California in June, being hot and musky, ruff terrain, etc. This gives you an image of what the bike rider feels physically and emotionally. This image shows how tired, thirsty, and determined the bikerider really is. Using words, metaphors, and imagery the author puts you in the shoes of the bikerider emotionally and physically.",3,train
287,7654,3,"The setting of this story is outside. Yosemite is outside riding her bike. She is around hills, no water, and very hot land. You know that she is around hills because she says to herself,  I maneuvered down the hill. You also know that she starts of around no??? ???good water. When I tried a drop or two, it had the flavor of battery acid that shows the water was bad. Also the land is very hot because it says in the??? ???of two hundred degrees. Yosemite starts off bad then ends up learning to stick to it and never give up. Yosemites biggest problem is her lack of water due to the fact that it is hot outside and the water she had was bad, tasting like battery acid. ",1,train
2,7343,3,The features of the setting affect the cyclist because as he gets closer to the nearest town  the ground becomes rougher to ride on. Like when he sees the sign saying not to exceed the limit. That shows that the ground is going to be rough.,1,train
922,7697,3,"The features of the setting affect the cyclist. It seems to be the more despirate the situation the more determand her becomes. Pg @NUM1 (I was going to die and the birds would pick me clean). Right after he thinks this he climbed away for the abandoned factory of Juices and dreams. He says pg @NUM1 come troubles, thirst and tean where all behind me, this shows that after a situation the bilaver tells realeoved of all earthley obligations. Not only does the settings affect the cyclist but the entire story around him.",2,train
1450,7098,3,I think the boy should ask you directions for the place were he is going. He can reach the place without water but that is not a good thing to do.,2,train
346,7555,3,The settings effects the cyclist because in California it could be really hot sometimes. The cyclist could dehydrate on a long trip and pass out really get hurt. Also there are a lot of hills which could be really hard on the cyclist.,1,train
941,6384,3,"Features of the setting affected the cyclist in many ways. After about @NUM1 miles, when in need of water supply the cyclist found a rusty pipe which a tarlike substance came out, then a brackish water substance. While cycling, you are in need of clean water. Next, the terrain changed from being flat to very hilly. In need of water,the last thing you need is be to be challeged more. Later on down the food, there were no cars or any buildings in sile. When you are feeling the the worst, you would want someone to he near in case you fall out, but no one was in site on that road. Lostly, seeing the old welch's Grape Juice Factory would affect the cyclist. Seeing that image of a drink factory right infront of you but not business has to make them fell like he/she will never make it. These features of the setting had to affect the cyclist.",3,train
1339,7313,3,"The cyclist is very discouraged by the dry and hot settings around him. A feature is something specific about some thing else. In Rough Road Ahead. Do not exceed posted speed limit the cyclist takes the advice of a few old men that seems to be somewhat outdated, and gets him lost as he is running out of water and energy. The cyclist says Over one long, crppling hill, a building came into view. I wiped the sweat from my eyes to make sure it wasnt a mirage (Kurmaskie @NUM1). He is greatly affected by the heat and was so tired he wanted to make sure the building was not an illusion. Also, the changed terrain affected how much water he drank and how hard he had worked just to get up that one long hill. The dry climate and tough terrain greatly affected the cyclist.",2,train
1021,5981,3,"I believe the features of the cyclist affected him because he was impatient and trustworthy he tock the old mens advice to take an hr of his time bay taking a short cat, if he would of stayed true to the mep he wouldnt of almost ared of heat but his impatientress got the best of him so he took the shortcut. After his experence he new haes to stat ?? to the mep and not trust people who havent seen changes in the last few years.  ",1,train
482,6841,3,"The features of the setting include There are no one in sights, not a building, car, or structure of any kind which describes the trail the cyclist was taking. These features of the setting describe how the cyclist is affected because it elaborates on his doubting whetther he will survive or not.",1,train
1536,6169,3,"The features of the setting in the essay Do not exceed the posted speed limit affected the cyclist in a negative way. The more and more he rode, he thought more negatively and had alot of doubt. The cyclist was not very confident, he thought he wouldnt make it. For example, when the cyclist notices nothing in sight, his tone changes. There was no one in sight, not a building, car, or structure of any kind. I began breaking the ride down into distances I could see on the horizon telling myself that if I could make it that far , Id be fine. He seemed unsure and a little nervous. As the journey continued, the cyclist loses hope it seems. It didnt really matter. I was going to die and the birds would pick me clean leaving only some expensive outdoor gear and a diary He does not see himself finishing this journey the more and more he rides in the middle of nowhere with nothing to be seen except Rough Road Ahead signs.  ",2,train
1088,6025,3,Some of the features of the setting affect the cyclist like the road was bad it had bumps all over that made it much harder and it also took up a lot of strength. Also the neighborhood of two hundre degrees after that become to a road with arore bunch of hills,1,train
373,7585,3,The setting affected the cyclist by making him very hot. He said he started sucking on stones because he heard that if you suck on stones it makes you not thirsty. He also said he might hit a bump and swallow one of the rocks. He said he wanted to swallow the rocks. The reason for that was that he was so hot. He didnt even no where he was goin.,1,train
1683,7269,3,"There is many things that could have made his bycicle ride much more enjoyable, one thing is if he wasnt in the middle of no where and if he actually knew where he was. For example, There was no one in sight, not a building, car, or structure of any kind. There, he had almost no water to get him through the day. For instance, The water bottles contained only a few tantalizing sips. @CAPS1, he did not know where he was going so it was harder for him. In conclusion these are some things that made his trip hard.",2,train
1139,6945,3,"The features of the setting affect the cyclist by unexpected things happening. His water supply got drank quickly and he couldnt find a town near. He was in the desert-like California, and the sun was beating down on him. When he did one town, it was more of a ghost town, and had rusted pumps that had battery-oil tasting liquid. Every person he asked told him is near, but from dehydration, it took him longer. the roads got windy and small hills occurred. There was a large snack in the middle of the road, as the tumble weed blew by. the finally saw a town that had a bait shop and was able to get water and cool down.   ",2,train
1462,7084,3,In the story Do Not Exceed Posted Speed Limit the settings affected the character because he thought he wouldnt make it to the park because of the way things looked around him. Because of the rolling hills and snakes he didnt think he would make it any where and thought he was going to die. Thats how the setting affected the character.,1,train
1024,6029,3,"The features of the selling effect the cyclist a lot. One factor that would effect the cyclist would be the heat. Also, because of this factor, hes pobably suffering from lack of water. Hes probably really hot seeing hes the only one cut in the middle of nowhere for what looks like miles. Another feature of the setting that would probably effect the cyclist is the thought of there @MONTH1 be a car around this next turn. If he cant see around the next turn he doesnt know is coming. The cyclist could also be thinking about when the next town will show up.",1,train
