,CH,W,CO,UW,NN,DT,RB,JJ,IN,GF,SMOG,RIX,DC,WT,S,LW,CW,NBW,DW,index,split
0,1355,263,7,141,48,27,11,27,35,11.236640165917734,9.80015041476705,3.3636363636363638,7.644177981334256,134,11,37,14,125,28,0,train
1,3548,677,54,309,114,42,49,40,92,9.472438470937337,9.168548406835143,2.7941176470588234,7.524732222028277,255,34,95,38,392,78,1,train
2,3082,617,4,255,91,49,36,42,76,13.832261366544401,8.841846274778883,4.052631578947368,7.550436227928005,243,19,78,19,305,65,2,test
3,3511,638,37,302,106,52,43,51,89,9.474410163339384,10.600634665860682,2.6842105263157894,7.513411499752516,258,38,101,65,331,96,3,train
4,3776,686,12,306,120,72,38,34,110,8.610241459221053,9.333382268041845,3.282051282051282,8.099680145025044,265,39,127,46,379,114,4,train
5,1691,303,13,181,43,20,23,19,44,12.212211221122113,11.698219412168324,4.916666666666667,8.380418151815181,167,12,59,27,166,47,5,train
6,1358,296,11,161,51,30,20,20,37,5.906009244992296,6.574015621080383,0.7727272727272727,6.067929892141756,150,22,16,7,154,15,6,train
7,3907,722,48,330,137,74,46,49,89,7.29090489381348,7.569512494915309,1.9375,7.57555835641736,276,48,95,28,441,100,7,train
8,3665,706,15,334,107,38,58,38,88,8.482290789372943,8.441846121484758,2.5135135135135136,7.35623606921369,298,37,90,32,370,80,8,train
9,2380,433,13,222,81,33,27,39,54,7.625287356321839,9.130062681391069,2.4827586206896552,7.189790261813537,197,29,70,32,223,50,9,train
10,1063,201,2,130,31,14,17,9,29,8.672727272727274,7.686295010490155,3.0,8.406868181818183,125,11,32,7,110,34,10,train
11,4484,848,36,401,131,81,55,56,123,10.351252955082742,9.3871,3.25,7.559842600472813,359,40,130,45,477,116,11,train
12,4527,850,3,335,127,58,43,46,105,18.681637979245636,10.30751831280988,4.7368421052631575,9.85570315665196,316,19,157,30,463,170,12,train
13,4481,841,57,395,120,73,55,47,134,10.107375076128882,9.500547302748984,3.292682926829268,7.6767229517705395,338,41,136,51,470,123,13,train
14,2127,413,12,226,70,27,29,23,57,7.6733753026634375,7.83995126065343,2.08,6.482211612590799,195,25,52,17,210,43,14,test
15,2433,460,9,229,68,26,56,37,51,13.5,10.686352973137792,4.3125,7.533978260869565,210,16,70,28,213,57,15,train
16,2861,519,19,240,83,33,43,43,62,9.240126794704457,10.738412736547279,2.903225806451613,7.813528131021195,210,31,82,45,307,94,16,train
17,4168,694,33,389,126,44,47,56,73,7.608439687114039,8.841846274778883,2.25,9.12014825030877,325,56,144,56,541,166,17,train
18,3375,627,27,286,107,43,29,31,83,8.00161715069916,8.638961771785754,2.0930232558139537,8.540183780275212,241,43,119,38,404,129,18,train
19,3693,658,49,371,107,45,52,38,87,6.615981959015591,8.155646560271837,1.8870967741935485,8.242383282674773,316,62,116,45,530,99,19,test
20,3110,622,8,245,102,56,39,54,87,8.115821584631874,8.5409612609427,1.7179487179487178,6.915369915079562,214,39,67,35,325,56,20,train
21,3091,596,30,296,110,43,32,51,88,8.300074571215513,9.225670689056813,2.1944444444444446,7.159970991797167,269,36,77,40,339,74,21,train
22,3683,723,24,334,114,59,48,40,101,9.98078712435559,9.178173031916092,2.5757575757575757,7.103702665660757,296,33,85,36,382,71,22,test
23,3043,604,9,252,96,39,39,22,69,7.370783015192832,6.37848985222837,1.7058823529411764,7.524003583950137,215,34,57,11,324,80,23,train
24,3870,727,5,247,101,62,44,43,116,11.376085674985262,9.04235418022936,3.5,7.660972312831598,218,28,99,30,310,71,24,train
25,3208,629,35,316,84,41,32,24,85,6.06135881104034,6.322622252153568,1.0833333333333333,7.52892059447983,269,48,65,15,432,95,25,train
26,3024,568,25,289,94,34,42,44,62,9.326360954679538,9.573946990214175,2.5757575757575757,7.839340439796192,254,33,85,42,318,88,26,test
27,3467,688,10,298,96,53,44,41,77,8.056058751529987,7.669130373188453,2.0526315789473686,7.150887331701346,261,38,79,24,357,66,27,train
28,3644,712,15,288,127,76,24,65,89,9.686516853932584,9.354420925462398,2.75,7.0908584269662915,254,32,88,38,339,56,28,train
29,3976,785,32,314,140,64,51,35,93,6.411639815161734,5.658746569128953,1.0,7.537836330710628,271,51,61,10,512,105,29,train
30,4156,826,19,299,141,71,55,59,105,9.898252732151036,9.358847034038229,2.4324324324324325,7.075965663241934,261,37,90,44,443,91,30,train
31,4417,831,25,417,138,60,66,58,94,7.560156023071497,8.433251757073789,2.1206896551724137,7.330337204863272,369,58,121,49,480,108,31,train
32,3928,802,31,252,82,39,47,67,113,7.594320321644869,7.957251820313856,1.5918367346938775,5.984006193699425,202,49,74,35,374,56,32,train
33,4732,832,39,447,140,64,66,61,103,6.468451143451144,8.230097160068512,1.972972972972973,7.989837941787942,396,74,154,53,600,152,33,train
34,4342,848,32,337,97,58,71,77,120,12.109433962264152,9.516144504307135,3.5,7.501878773584906,299,32,112,40,428,102,34,test
35,4191,843,15,318,113,66,51,34,115,10.77173958551392,8.313332769828598,2.9705882352941178,7.694627499825553,277,34,100,28,449,96,35,train
36,2795,526,14,255,77,26,36,37,62,7.925880861850445,7.554174236665414,2.033333333333333,7.898301622306717,232,30,59,17,340,73,36,train
37,2742,524,14,231,87,43,32,35,77,8.401744820065431,9.424239791934728,2.857142857142857,6.945282006543075,204,28,80,34,256,55,37,train
38,2318,443,20,238,81,56,31,30,62,10.243964312587337,9.485657244295059,2.619047619047619,7.819437805009137,215,21,58,26,253,66,38,train
39,2848,571,24,287,81,35,60,25,68,6.803445827613953,7.432916251226849,1.4054054054054055,6.89074024234392,246,37,52,21,324,44,39,train
40,2526,467,26,252,81,36,25,39,68,9.439237982721702,10.245366335075165,2.5172413793103448,7.545894846045927,224,29,72,45,269,68,40,train
41,4435,797,55,393,140,61,84,37,92,6.788025407779172,7.865858978985526,1.875,8.137286668757842,333,64,123,40,561,152,41,train
42,3283,621,11,285,86,37,57,35,73,8.557868540477235,7.793537801064561,2.5454545454545454,7.443102430098082,255,33,86,21,314,79,42,train
43,3197,585,25,235,113,53,39,60,70,11.051282051282051,10.125756701596842,3.0384615384615383,7.748551282051282,195,26,80,39,283,71,43,test
44,1401,289,2,157,51,22,9,21,44,7.9834832756632075,6.742157984588678,1.8666666666666667,6.449773725490196,146,15,28,5,134,20,44,train
45,4417,838,28,393,128,51,71,47,100,11.176347305389221,11.055213786087101,3.525,8.151373053892215,359,40,153,76,499,138,45,test
46,3325,711,13,271,104,67,57,27,114,13.321084260324767,6.574015621080383,2.8181818181818183,7.4602975706431405,240,22,59,8,354,54,46,train
47,4086,791,25,352,90,46,71,53,88,6.272952066682381,7.401539286593446,1.847457627118644,6.776773363474684,298,59,107,32,449,88,47,test
48,3987,753,44,373,117,45,55,56,101,8.035209885097293,8.964715089967882,2.4782608695652173,7.1954291067613605,319,46,114,48,423,102,48,train
49,4481,848,24,324,140,64,76,63,90,7.070089699969069,8.747414212480816,1.8032786885245902,6.895620368079183,268,61,110,59,449,86,49,train
50,4171,758,50,383,151,55,38,54,107,7.850772500143588,8.252601668568683,2.108695652173913,8.290735552237091,337,46,97,35,523,131,50,train
51,3236,607,34,323,107,44,43,38,69,6.113101065361359,7.079830092131019,1.434782608695652,7.895418571839908,276,46,70,22,439,114,51,train
52,2605,488,19,238,100,48,20,42,65,10.415737704918033,8.238735603445708,2.5,8.276535081967214,221,20,57,16,311,89,52,train
53,4027,807,13,342,88,50,63,64,92,7.865024783147461,7.937092434478241,1.7708333333333333,6.661825030978934,297,48,84,34,445,77,53,train
54,3273,606,39,315,110,54,33,51,98,15.530171964564879,12.303257153313005,4.947368421052632,8.449436043077991,294,19,98,49,330,87,54,train
55,3644,728,22,323,149,60,40,39,91,6.25255528515501,6.5822867389190165,1.5192307692307692,6.480166236377103,272,52,76,19,407,60,55,train
56,642,128,2,87,21,6,9,8,16,8.876785714285715,8.841846274778883,2.5714285714285716,7.380737053571428,87,7,18,7,84,11,56,test
57,4063,766,28,337,123,82,56,42,92,8.007895561357703,8.841846274778883,2.28,7.5502492845953,286,50,113,48,429,101,57,train
58,4002,839,17,309,139,60,32,34,99,7.58279359648051,7.523968598718282,1.2448979591836735,6.902227483807895,274,49,61,29,466,77,58,test
59,4555,848,27,403,150,76,53,67,106,12.710296495956875,11.491704259439757,4.285714285714286,8.338850350404313,377,35,150,75,460,134,59,train
60,3989,758,21,372,128,52,40,46,97,5.840893328929987,6.7702755914127515,1.40625,7.852580548216644,318,64,98,26,490,120,60,train
61,691,137,3,87,31,10,11,2,17,6.672830494728306,6.42735559955562,1.5555555555555556,7.849186455798864,87,9,14,3,71,11,61,test
62,4479,841,21,397,142,71,53,54,131,9.596039911078945,9.43228470229965,2.8043478260869565,7.904090280721709,350,46,127,55,454,126,62,train
63,3676,710,21,323,113,63,58,49,98,7.663145539906103,8.144726394080802,1.9166666666666667,7.150096244131456,279,48,90,37,395,91,63,train
64,900,172,8,109,43,12,3,12,29,9.970025839793282,9.444778638647367,1.8888888888888888,8.440108785529716,104,9,17,10,103,25,64,train
65,2478,450,26,239,57,26,36,41,54,7.362452107279694,8.939507131559953,2.793103448275862,7.7395996168582375,212,29,76,29,301,73,65,test
66,2025,386,19,220,82,38,20,20,51,7.834031088082901,8.238735603445708,2.56,7.511235917098445,208,25,64,20,228,59,66,train
67,1445,291,5,139,43,21,32,18,37,7.566323024054984,8.167268648758528,1.1666666666666667,6.011940549828179,123,18,20,14,132,19,67,train
68,1315,276,0,130,29,16,28,17,24,22.080000000000002,5.683917801722854,3.2,8.777246086956522,123,5,16,1,104,15,68,train
69,1617,333,5,151,53,17,16,20,36,8.12072072072072,8.167268648758528,2.1666666666666665,6.830136036036036,136,18,38,14,170,28,69,train
70,1699,304,14,185,49,24,29,33,48,12.185614035087719,11.855464076750408,3.7333333333333334,8.225641140350877,174,15,56,35,164,57,70,test
71,3237,658,9,279,100,47,59,22,94,7.9798041202296535,6.69162321629862,1.9166666666666667,6.726801182033097,248,36,66,10,350,51,71,train
72,2193,492,2,159,50,29,45,15,67,98.44439918533605,12.161744961471694,13.0,18.2573733197556,159,2,26,5,203,42,72,train
73,729,131,0,83,23,6,6,10,17,7.07206106870229,8.841846274778883,1.9,6.817481374045801,78,10,18,7,69,15,73,train
74,1927,391,10,200,51,21,42,25,35,4.728414322250639,6.124889420169582,0.975,7.069345115089514,173,40,38,9,230,46,74,train
75,1252,230,11,142,27,12,20,19,25,5.5983436853002075,6.868970318607317,1.619047619047619,8.092912008281573,123,21,33,9,162,38,75,train
76,2764,517,34,279,85,34,37,46,72,10.637911025145067,8.575989854853784,2.909090909090909,8.039508123791101,250,22,63,20,309,86,76,train
77,3123,579,37,307,107,61,30,42,84,6.905908342370568,7.738981096181358,2.0930232558139537,7.604179784713018,283,43,91,28,365,90,77,train
78,4105,756,40,343,132,66,58,59,86,11.8789417989418,10.279547748218288,4.066666666666666,8.478853862433862,306,30,130,47,459,131,78,test
79,2964,560,17,243,94,34,39,35,73,7.8491028351493455,8.754623652393292,2.1515151515151514,6.736443492166748,203,33,70,32,287,50,79,test
80,1671,319,10,164,50,19,33,9,52,10.81851941162286,8.384062270229773,3.230769230769231,8.071005811429949,152,13,42,11,177,46,80,train
81,4411,849,64,372,121,64,82,62,124,10.30883966790198,9.745691949364133,3.1707317073170733,7.639319087017725,317,41,127,55,527,115,81,train
82,2695,528,9,268,65,29,61,32,63,6.624242424242424,7.492282038375204,1.9444444444444444,6.248000757575758,230,36,69,21,276,45,82,train
83,1964,401,6,201,62,17,41,14,54,7.789662208116074,7.846244985919111,1.8636363636363635,6.745660009068239,184,22,41,15,209,31,83,test
84,4814,848,41,415,125,57,51,46,113,5.520085980415573,6.8768520350812565,1.620253164556962,8.656403397420588,333,79,178,31,660,190,84,test
85,1698,308,17,205,60,27,17,41,38,11.273032849503437,10.843485225782072,3.411764705882353,9.302895034377388,195,17,58,31,188,69,85,train
86,1514,274,4,163,48,24,16,21,31,7.840713706407136,8.167268648758528,2.0555555555555554,7.791558718572587,157,18,38,13,163,43,86,train
87,3436,658,6,279,85,34,67,35,80,9.867558257345493,9.029198982220553,2.966666666666667,7.172083302938197,244,30,86,32,329,83,87,test
88,4467,840,44,378,117,59,70,52,108,10.147502903600467,9.982072881682312,3.024390243902439,7.002397502903601,337,41,127,58,459,96,88,train
89,4569,842,68,432,170,75,47,56,122,10.715889486185773,10.125756701596842,3.473684210526316,8.167324928116015,378,38,133,56,543,123,89,train
90,2465,464,31,268,90,44,33,29,65,9.492753623188406,8.9596472513307,3.25,8.19140579710145,248,24,74,25,309,70,90,train
91,3135,598,16,291,81,40,34,39,69,7.176030150753769,8.158263871857827,1.825,7.2861602345058625,250,40,72,31,318,68,91,train
92,3755,718,8,337,140,66,37,21,106,5.449156152711781,7.108773556668569,1.3823529411764706,7.678880599705064,298,68,101,32,454,108,92,train
93,3912,831,3,326,138,81,53,47,119,6.636903329322102,6.238725200709707,1.1666666666666667,5.900883955074208,290,54,58,16,382,48,93,train
94,4121,752,15,244,132,52,45,54,103,11.189619600257899,10.63711953065702,3.393939393939394,7.20247027724049,207,33,115,57,325,87,94,train
95,3277,582,23,280,107,55,52,42,72,11.852462772050401,11.645159339076184,4.444444444444445,8.829504352806415,254,27,120,60,328,104,95,train
96,1725,337,21,180,58,19,24,16,50,6.210138476755688,6.6274283507984215,1.4583333333333333,7.706497823936696,172,24,34,9,216,49,96,train
97,1622,303,31,180,48,22,21,10,36,6.106105610561056,7.492282038375204,1.4166666666666667,7.70210594059406,166,24,36,14,200,43,97,train
98,4051,695,35,324,104,47,40,32,82,5.223816734235335,6.009577979403853,1.5593220338983051,9.703201401846336,257,59,151,15,609,191,98,train
99,1685,332,4,186,34,24,22,20,47,9.986746987951808,9.188382445141503,2.875,7.424193975903615,172,16,45,18,143,44,99,test
100,3298,631,20,293,109,57,52,26,86,9.599068938193344,8.660442795831768,2.9375,7.492283755942948,268,32,94,30,322,88,100,train
101,4258,823,2,390,134,65,60,56,112,6.212862654814437,6.513038844787706,1.5964912280701755,6.923565686086419,337,57,91,20,417,84,101,train
102,1857,356,8,206,47,27,29,24,56,8.270480081716038,9.095868883498916,2.409090909090909,6.922938406537283,190,22,53,24,196,41,102,train
103,4523,831,20,378,121,60,52,38,107,7.70456035520146,8.271665926689208,2.0689655172413794,8.014380526162912,333,58,144,37,569,151,103,train
104,3930,717,30,376,136,65,54,50,84,8.96839488205688,9.86748788616,2.5869565217391304,7.734982639015221,324,46,118,63,388,114,104,train
105,1099,215,14,128,35,17,15,14,24,5.025369978858351,6.7829847944221076,1.3181818181818181,6.397924947145878,117,22,27,9,135,21,105,train
106,4570,842,38,392,154,65,46,51,115,5.817920295592505,7.440026476215215,1.5833333333333333,7.59207888624967,325,72,120,41,561,137,106,train
107,2387,466,15,225,67,22,42,30,71,8.36752503576538,8.344100000000001,1.875,6.971455078683834,194,24,44,20,231,37,107,train
108,4418,850,58,380,141,55,80,73,105,7.977450980392156,8.278499904357787,2.1875,6.688280392156862,317,48,105,39,476,65,108,test
109,1265,245,6,129,47,26,6,11,25,6.22005323868678,8.321376580360152,1.2173913043478262,6.67835803016859,112,23,29,19,115,33,109,train
110,2899,540,30,290,98,46,31,30,78,7.629629629629631,8.167268648758528,2.1944444444444446,8.269518518518518,261,36,83,27,332,88,110,train
111,3534,674,23,294,85,45,54,40,85,8.37909660402242,7.984000788550335,2.2777777777777777,6.55644269699967,256,36,82,26,360,58,111,train
112,3070,579,21,286,101,38,38,42,67,8.20714505697567,8.4952907291091,2.7941176470588234,7.889439041166205,253,34,95,30,378,89,112,test
113,2127,426,8,192,60,27,45,18,61,8.414553990610328,8.472884824447931,2.4166666666666665,6.296054929577465,170,24,58,21,212,36,113,train
114,3664,705,14,324,130,57,49,44,103,8.782754759238523,8.452757503120042,2.6842105263157894,7.53553322135125,291,38,101,33,367,81,114,train
115,2924,567,15,277,81,26,33,45,66,6.587107583774252,7.4610043445117755,2.0,7.068715802469136,238,40,78,23,316,61,115,train
116,4528,848,24,388,157,57,48,74,123,9.49958582604694,8.25429008570747,2.658536585365854,8.200226944316613,353,41,107,33,492,129,116,train
117,2468,417,5,176,61,32,35,13,52,9.293082457111234,9.75724932402239,2.730769230769231,8.748698339789708,158,26,71,35,266,101,117,test
118,2711,528,2,241,102,42,33,35,72,8.667091352670102,8.527137837955566,2.5357142857142856,7.026930902683654,219,28,71,25,263,55,118,test
119,1940,360,12,206,53,23,34,20,44,7.658351387599298,8.735056554316923,2.4074074074074074,7.682709388218302,185,27,61,25,238,59,119,train
120,3331,564,11,281,85,37,23,36,71,7.303249216559459,8.133680483312611,3.0697674418604652,9.298432690087417,242,43,136,28,372,148,120,train
121,2228,427,21,211,65,36,30,37,53,7.637401335761992,8.735056554316923,2.111111111111111,7.3052707867117705,189,27,56,26,247,55,121,train
122,1923,360,10,208,58,21,19,30,24,7.523809523809525,7.447530270364452,2.0476190476190474,7.995674603174603,180,21,39,11,196,46,122,test
123,3901,692,37,364,137,57,31,48,104,11.220248730075319,11.022393298168332,3.909090909090909,8.692550726922404,320,33,135,63,415,138,123,train
124,1031,181,2,111,37,10,16,18,24,6.020471067170689,9.276330184999454,1.8421052631578947,6.551657196859552,106,19,35,22,119,21,124,train
125,2550,502,2,240,91,40,38,21,46,15.032848588537213,9.606745405546679,4.428571428571429,7.9328287140005695,222,14,62,18,261,47,125,train
126,3648,664,69,345,121,47,31,53,86,10.43139042657115,10.700928209384601,3.4054054054054053,7.784495424943016,304,37,128,65,405,118,126,train
127,3403,635,15,260,100,42,43,51,87,10.742557835006549,10.085429814115962,3.1379310344827585,7.06595058926233,220,29,91,42,319,63,127,train
128,1241,239,7,134,49,26,6,17,29,8.098789346246974,9.04235418022936,2.357142857142857,7.081978692493947,129,14,33,15,131,31,128,train
129,3634,736,24,328,122,46,63,36,80,6.760420531849103,7.750939303291985,1.0,6.426152690166976,271,55,52,35,355,50,129,train
130,4117,844,18,330,93,42,64,54,109,10.308558684137163,6.522977012572876,1.9705882352941178,6.776017201003624,285,34,64,12,446,58,130,train
131,2301,479,5,210,93,37,23,30,61,64.28420320111343,15.903189008614273,11.0,13.369014683368126,203,3,31,15,222,17,131,train
132,170,34,1,26,6,2,3,3,3,6.800000000000001,7.168621630094336,1.5,6.3373470588235294,27,2,3,1,14,1,132,train
133,3970,745,30,356,123,58,56,51,100,10.210663683818048,9.861636050157227,2.861111111111111,7.481830350484713,301,36,100,50,406,92,133,train
134,4335,850,23,397,144,71,59,50,113,8.178649237472767,8.735056554316923,2.1296296296296298,6.925064270152506,353,54,110,52,467,103,134,train
135,4916,849,25,382,169,63,74,34,87,4.7071474461933835,6.408561967374305,1.2727272727272727,9.285368851054717,297,88,161,23,760,213,135,train
136,3199,598,10,310,94,34,50,44,96,10.582028985507247,10.65027996061788,3.2333333333333334,7.424089654403568,273,30,96,52,332,77,136,test
137,4381,849,26,353,123,59,76,47,114,10.26246262571351,9.127657967737555,3.1025641025641026,7.468809794328169,312,39,120,43,443,108,137,test
138,4274,807,29,341,156,72,34,35,122,8.95104494072236,9.210782826323648,2.7111111111111112,7.522248431210366,310,45,119,51,463,117,138,train
139,3427,635,21,339,110,64,43,43,79,7.559430071241095,8.192908349453996,2.261904761904762,7.867664604424447,310,42,97,33,385,106,139,train
140,1570,321,7,165,32,13,18,12,43,12.386363636363637,8.575989854853784,3.4545454545454546,7.990690340909091,155,11,38,10,153,27,140,train
141,414,80,4,63,16,8,6,1,10,17.5,10.125756701596842,4.0,10.554875,63,2,12,3,50,19,141,train
142,2243,427,19,221,50,29,50,37,46,5.914810072556552,7.106945922332612,1.696969696969697,7.130851941954759,185,33,52,16,249,54,142,train
143,3077,615,21,299,76,34,33,38,92,7.4700743339179825,7.882392219407189,1.794871794871795,6.629010715777165,265,39,70,27,338,63,143,train
144,4660,843,54,393,131,56,62,63,110,6.49783791931135,7.677116360667737,1.8028169014084507,7.753765790222907,304,71,128,44,580,148,144,train
145,4392,813,45,421,137,75,48,37,131,10.047328473284734,9.745691949364133,3.048780487804878,8.232504032040321,374,41,126,55,486,131,145,train
146,1271,234,12,146,41,17,22,14,36,8.73846153846154,10.21488967967688,3.6153846153846154,7.228445299145299,138,13,46,20,133,28,146,train
147,2229,418,23,225,61,23,31,33,73,11.694019138755982,9.354420925462398,3.9375,7.992084688995216,205,16,61,18,235,63,147,train
148,2009,373,5,215,87,25,17,20,60,9.682990765564492,8.841846274778883,3.3333333333333335,8.68590399165922,206,18,58,18,229,63,148,test
149,4370,843,28,391,165,86,70,57,125,9.595145542476505,8.841846274778883,2.6666666666666665,7.480770170636007,346,39,103,38,451,78,149,train
150,1914,371,9,193,61,28,34,21,35,7.369317160826596,7.793537801064561,2.0,7.42503926325247,177,24,47,16,201,44,150,train
151,1706,328,5,181,56,24,33,15,42,9.053658536585365,8.07648339933343,3.625,7.397293902439024,173,16,57,11,181,42,151,train
152,2838,519,18,300,96,36,39,29,63,6.850441131731062,7.94452939551167,2.3684210526315788,7.295473004766251,264,38,88,26,297,70,152,train
153,2463,476,14,232,78,38,25,28,71,7.486473298997018,8.259297600419972,1.8709677419354838,7.018709243697479,207,31,58,25,246,58,153,train
154,1122,222,8,127,40,28,19,19,24,8.144658944658946,8.841846274778883,2.0,6.485671943371943,126,14,27,14,122,24,154,train
155,1031,185,11,120,30,8,21,15,23,5.408408408408409,7.168621630094336,1.6666666666666667,7.474980480480481,112,18,30,9,140,28,155,train
156,2600,465,24,261,88,35,23,39,54,6.185059422750425,7.669130373188453,1.8421052631578947,8.386200056593097,236,38,81,24,320,95,156,train
157,3655,739,2,317,136,68,37,25,112,9.095240672723758,8.052868069273774,2.3714285714285714,7.076840289967137,295,35,82,26,380,69,157,train
158,2302,486,24,230,71,40,38,28,58,5.8835038212816,5.86031511419368,0.8285714285714286,6.567021552028219,201,35,28,8,293,36,158,test
159,3102,635,9,265,81,39,57,28,76,10.312853124617831,7.610546881738771,2.6153846153846154,6.995325583954996,228,26,65,15,314,54,159,train
160,2386,497,12,211,77,43,20,21,64,7.1258064516129025,6.828538100315306,1.6451612903225807,6.531188709677419,176,31,51,13,275,41,160,train
161,3118,642,19,279,79,43,35,45,83,12.96499787264218,9.573946990214175,2.4545454545454546,6.855267380513403,249,22,53,28,311,50,161,train
162,4362,845,16,399,162,63,46,49,107,6.627392969021928,7.724431198458867,1.588235294117647,7.018438739993039,353,68,109,44,495,106,162,train
163,357,65,2,48,14,9,5,4,6,8.961538461538462,10.125756701596842,2.75,8.329269230769231,47,4,11,5,31,12,163,train
164,4530,835,30,418,159,51,63,51,104,5.631075511315032,7.194767674117455,1.6233766233766234,7.975316237654561,356,77,127,39,536,139,164,train
165,3477,642,33,298,94,33,38,63,69,9.002492211838007,8.841846274778883,2.5833333333333335,8.333260747663552,253,36,100,35,419,128,165,train
166,1744,329,16,189,45,22,25,19,35,5.712917795844626,7.662118739084242,1.5555555555555556,7.07932253839205,162,27,43,17,201,48,166,test
167,4834,835,46,449,185,79,48,64,120,11.340340861388633,10.82320323892023,3.9302325581395348,9.06033162902639,403,43,177,78,584,188,167,train
168,4175,790,32,379,148,79,46,40,106,8.524928958925342,9.18150861145379,2.4081632653061225,7.33433802634978,323,49,121,54,454,118,168,test
169,2450,432,17,201,77,32,25,35,60,7.849857549857551,8.012643519586193,2.423076923076923,8.335021225071225,174,26,62,18,278,90,169,train
170,3402,666,44,353,101,43,47,44,79,8.63279821174558,8.098718942377015,2.1621621621621623,7.3772827677301365,312,37,79,28,392,80,170,train
171,4690,849,63,458,169,65,46,63,113,7.499219258295381,8.047967983731553,2.1551724137931036,8.029881961613533,393,58,120,40,612,144,171,train
172,1931,345,9,199,63,32,30,26,44,9.985507246376812,10.125756701596842,3.388888888888889,7.974007246376812,190,18,61,25,205,62,172,train
173,4846,849,41,414,160,46,42,50,91,7.82213070998246,8.701921040984423,2.3548387096774195,8.904718439716312,349,62,164,57,649,202,173,train
174,940,194,0,102,39,15,5,5,26,5.585704467353953,6.079149491110277,1.2,6.638354158075602,100,15,18,4,93,10,174,test
175,518,92,2,71,16,10,3,6,12,6.9962732919254655,7.957251820313856,2.857142857142857,7.549363975155279,73,7,20,5,49,14,175,test
176,4043,744,5,335,116,63,60,32,108,6.403848330503678,7.409481684899262,1.6842105263157894,7.318816440294284,284,57,116,32,453,110,176,train
177,2784,563,32,244,71,26,53,39,64,8.03217140319716,8.567472430010655,1.875,6.472382682060391,211,32,58,29,337,44,177,train
178,2425,487,16,193,62,37,21,24,53,25.369958847736626,12.161744961471694,5.625,9.606263786008231,186,8,46,20,213,53,178,train
179,2860,546,14,291,85,34,32,46,68,7.294644094644095,7.824948511530503,2.2432432432432434,7.636328908028908,253,37,83,24,319,76,179,test
180,2713,496,16,225,99,51,30,20,70,14.32867383512545,12.457975602129121,4.944444444444445,8.31406200716846,202,18,91,48,248,83,180,train
181,4418,847,24,357,126,69,66,63,133,11.087011144883485,10.09235958154656,3.085714285714286,7.205769287402904,313,35,107,51,403,74,181,train
182,3499,650,33,329,100,45,53,33,91,7.421245421245422,8.192908349453996,1.7857142857142858,7.950795970695971,289,42,107,33,428,109,182,test
183,3732,688,32,338,113,48,34,33,91,16.858656330749355,11.429527900616531,4.611111111111111,8.745403617571059,311,18,110,36,393,113,183,train
184,2394,469,20,237,70,28,27,23,76,10.471111111111112,8.841846274778883,2.7,7.361328034188034,214,20,52,20,249,50,184,train
185,1647,338,3,167,54,18,21,25,44,10.87337278106509,7.610546881738771,2.0,7.4954786982248525,156,13,27,8,151,40,185,train
186,2066,406,4,214,80,42,31,19,62,8.540065681444991,8.59863814320734,2.0,6.9257390804597705,198,24,46,21,194,44,186,train
187,4489,834,52,441,187,78,64,62,107,8.741867712102936,9.244229546869796,2.375,7.807319099316445,387,48,113,54,510,118,187,train
188,3602,665,13,311,96,42,58,45,94,7.646929824561403,8.344100000000001,1.8541666666666667,7.196734335839599,267,48,89,37,375,93,188,train
189,2253,439,24,253,100,45,24,23,58,10.575601113642117,7.594959193182577,2.888888888888889,8.083318729435586,236,18,52,11,242,65,189,train
190,2772,538,35,222,81,47,39,41,70,7.486861391396708,8.146662555663855,2.2,7.3338670950610725,192,35,77,27,346,77,190,train
191,4474,842,27,359,147,91,48,55,110,7.115174575721544,7.348242739294969,2.3636363636363638,7.774477247865096,305,55,129,29,495,127,191,test
192,4899,844,55,435,143,47,66,44,93,6.623805010155721,7.957251820313856,1.6571428571428573,9.117460825998645,353,70,175,49,687,212,192,train
193,4616,846,14,403,147,73,54,49,129,10.920444125283103,10.82320323892023,3.604651162790698,8.114542434955531,368,43,150,78,473,153,193,train
194,4203,849,2,318,119,53,48,34,122,15.46919905771496,10.31748142421505,3.9583333333333335,7.957672438162543,291,24,94,38,377,101,194,train
195,2217,412,18,224,67,28,21,31,48,9.196763754045309,8.9596472513307,3.0,7.439010355987055,202,24,70,25,241,63,195,train
196,2901,540,41,302,109,46,37,31,75,9.138047138047138,9.41862664789215,2.878787878787879,8.015506734006735,282,33,95,40,360,88,196,train
197,2679,512,19,258,85,42,32,40,68,7.6536387497017415,8.19987849500987,1.9393939393939394,7.508307110474827,232,33,63,26,299,68,197,train
198,2164,431,6,205,64,24,42,15,69,11.424651972157774,8.07648339933343,3.25,7.390558236658933,193,16,50,10,229,41,198,train
199,3901,715,19,343,131,72,42,42,89,8.405314685314686,9.439034500452442,2.1,8.144213566433567,320,50,113,55,431,140,199,test
200,4316,847,21,376,112,60,67,55,111,7.4667650531286895,8.07648339933343,1.8928571428571428,6.8474792207792206,325,56,106,42,434,83,200,test
201,3989,765,12,366,106,42,49,37,109,4.427170868347339,6.118397994513093,1.0476190476190477,7.039809056956116,311,84,89,23,485,106,201,train
202,2715,499,53,273,74,33,44,37,71,12.310373127206795,11.111384760643409,3.7142857142857144,8.200922139517129,249,21,77,39,308,81,202,train
203,2298,443,15,208,55,28,44,15,57,8.918322046651618,8.472884824447931,2.875,7.474787283671934,192,24,68,21,222,63,203,train
204,4407,844,28,303,150,58,69,48,111,10.261336152778696,9.966358637471284,3.675675675675676,7.396900792969008,269,37,135,53,444,105,204,train
205,2293,476,9,200,88,49,19,22,69,32.20986610288936,10.504223727775692,8.0,10.183863777307963,195,6,46,8,248,49,205,train
206,2877,551,6,241,75,45,42,53,64,10.340500907441017,9.490545024520767,2.8,7.452097793103448,220,25,71,30,271,61,206,test
207,4502,834,30,362,137,48,66,33,107,9.139952038369305,8.904972459349034,2.4,7.7364727577937655,308,45,103,44,501,136,207,train
208,1804,381,2,173,52,30,19,21,47,9.94494750656168,6.6274283507984215,1.875,6.5167863517060365,163,16,28,6,168,23,208,train
209,2299,417,23,214,73,27,23,22,52,11.75256847153856,11.101131339891392,4.421052631578948,8.360197387353274,196,19,84,37,224,72,209,train
210,2755,547,23,236,124,40,35,30,65,12.959943124111314,8.680891452615391,3.388888888888889,7.337646292910827,214,18,58,16,280,36,210,train
211,3786,764,15,335,122,52,53,36,105,10.806544502617802,10.05249126169394,2.59375,7.342139790575916,304,32,83,47,373,76,211,test
212,4280,817,14,344,131,58,61,62,112,8.955982980707583,9.04235418022936,2.6666666666666665,7.384398070758291,310,42,119,45,434,108,212,train
213,1148,230,1,116,28,17,13,17,32,7.71919446192574,7.70948699238394,2.142857142857143,6.24927482693518,101,14,29,9,87,19,213,train
214,2711,528,16,252,75,39,45,40,77,11.266666666666667,9.910423181423305,3.090909090909091,7.159513636363636,227,22,68,31,275,57,214,test
215,4231,837,21,365,145,56,77,49,105,7.132631578947368,7.9396628663295825,1.8,6.978015693779904,323,55,98,37,508,93,215,train
216,4285,847,39,365,117,61,73,31,99,7.266173698709584,7.6056303175797355,1.894736842105263,7.039382752335384,312,57,103,35,493,105,216,train
217,3190,545,28,292,105,46,24,58,69,13.193425076452598,12.745084868956482,5.5,9.108704892966362,276,24,131,68,330,122,217,train
218,2824,511,20,280,89,48,17,32,71,7.333333333333333,7.39963492309942,2.3529411764705883,8.49828431372549,268,34,95,15,340,104,218,train
219,3542,700,27,289,107,39,59,53,85,10.178151260504203,9.987195323819016,2.5294117647058822,7.680333613445378,262,34,85,49,408,96,219,train
220,2789,557,18,280,108,50,27,27,90,8.90358447347242,8.216663640201805,2.5517241379310347,6.942070507026559,255,29,74,23,296,64,220,train
221,4304,848,15,326,142,83,59,51,90,16.12572898799314,11.299434782280677,4.454545454545454,7.503484262435678,300,22,98,45,370,73,221,train
222,1966,388,5,154,93,45,13,13,56,10.04702842377261,8.841846274778883,2.6666666666666665,7.803778552971576,144,18,45,19,153,40,222,test
223,2204,450,14,195,52,32,29,8,62,11.21045751633987,7.5105763829236425,2.5294117647058822,8.423241176470588,180,17,47,10,222,42,223,train
224,3552,697,21,275,97,48,49,29,113,11.12479858735239,9.057496981413337,3.576923076923077,6.597266273038296,241,26,89,28,315,54,224,test
225,3232,641,7,232,88,36,54,37,81,29.112913849887335,12.650343791298138,8.555555555555555,8.844192425030336,216,9,77,25,246,50,225,train
226,4251,848,12,332,178,71,46,35,95,8.453611632270169,7.765008861874849,2.4878048780487805,7.907295919324578,293,41,102,26,490,91,226,train
227,2855,526,23,299,101,43,33,40,62,7.74558512885509,8.515128840125781,2.638888888888889,8.14360654837347,268,36,95,31,312,85,227,train
228,1279,259,6,149,38,19,18,8,38,5.6070717333875235,4.439693879044715,1.105263157894737,7.4828193659825235,138,19,22,1,150,31,228,train
229,3842,750,27,347,133,62,38,51,111,6.746666666666667,7.087006719466743,1.82,6.84374,295,50,86,24,417,64,229,train
230,3633,717,33,270,114,38,70,41,92,8.006820083682008,7.8225999999999996,1.8,7.366458661087866,224,40,68,27,397,73,230,train
231,2834,580,19,254,91,41,43,28,74,8.077586206896553,7.865858978985526,1.625,6.740655172413793,223,32,51,22,290,57,231,test
232,4336,795,15,325,114,59,49,66,123,9.38679245283019,7.054809383877857,3.888888888888889,8.763745283018867,287,36,136,17,487,163,232,train
233,2969,545,12,206,97,34,20,25,75,7.633583541840423,7.106945922332612,1.9696969696969697,8.656660689463441,184,33,70,14,340,126,233,train
234,2424,424,16,232,86,40,23,45,66,13.171598808341608,12.303257153313005,4.894736842105263,9.10050938430983,216,19,90,47,258,94,234,train
235,4368,816,32,344,112,65,67,36,109,9.208344733242134,9.10164783776728,2.511627906976744,7.731876413588692,289,43,106,45,461,113,235,test
236,3589,660,9,318,147,87,37,36,93,8.352638850511191,8.776555601660563,2.0681818181818183,7.377865515335728,292,44,91,43,378,91,236,train
237,2180,380,30,245,65,35,16,46,50,7.6400679117147705,9.02324830094632,2.161290322580645,8.150447368421052,221,31,67,32,259,69,237,train
238,3468,689,26,332,99,49,56,61,100,7.993047895500727,7.4610043445117755,2.175,6.943008040638607,290,40,87,23,396,83,238,train
239,1435,285,24,179,36,19,16,22,38,8.528508771929825,8.472884824447931,1.875,7.290175438596491,162,16,29,13,168,30,239,train
240,3380,658,9,265,92,33,52,54,92,18.3977304964539,9.888512548439397,5.733333333333333,8.331967517730497,245,15,86,21,315,57,240,train
241,4048,767,23,309,118,61,42,50,91,8.436326484277442,8.716276077567194,2.4347826086956523,7.039144954024293,262,46,111,43,370,96,241,train
242,1108,205,6,139,31,14,17,14,23,6.8651583710407245,7.32110970712323,2.1538461538461537,6.891701206636501,127,13,30,7,112,26,242,train
243,4687,847,28,433,174,75,47,65,105,6.11122236128494,7.39963492309942,1.6176470588235294,8.39705753024614,391,68,160,37,585,170,243,test
244,2543,513,8,198,48,35,50,32,77,7.32110922467459,7.717688229018144,1.4193548387096775,5.719268810916179,171,31,45,20,204,32,244,train
245,2460,466,21,224,76,29,34,16,74,7.541738197424893,8.07648339933343,2.125,7.848864377682403,192,32,86,24,295,78,245,train
246,3300,658,23,336,92,49,66,32,97,7.959750439929611,8.032893268588372,2.0789473684210527,6.895059206526955,283,38,78,28,345,70,246,train
247,4482,844,49,358,132,86,56,59,112,11.588842247799594,10.09235958154656,3.742857142857143,7.751099377115775,311,35,135,52,454,120,247,test
248,1987,368,9,210,65,31,29,24,58,8.857349896480333,9.107695989026187,2.4285714285714284,7.852474430641822,199,21,52,23,222,55,248,train
249,4187,839,16,356,140,48,79,56,119,8.128918058870326,7.865858978985526,2.1666666666666665,7.140380827366746,322,48,102,32,450,94,249,train
250,4583,842,47,430,158,56,58,45,121,7.976367955085294,8.41005564698801,2.6,8.671507868710862,395,55,141,46,570,172,250,train
251,3117,585,12,279,133,45,32,34,80,6.890831390831391,7.604176662624188,1.7272727272727273,8.047766511266513,254,44,82,26,385,96,251,train
252,2844,569,22,271,108,63,42,27,88,9.527132621332973,7.168621630094336,2.5,7.580272177909964,250,26,64,13,281,69,252,train
253,4021,695,50,368,117,60,59,50,84,9.770143884892086,9.948597397169383,3.15,9.0194654676259,337,40,135,57,480,150,253,test
254,1996,384,7,218,79,24,27,25,58,6.995000000000001,8.021203637495837,2.1666666666666665,7.848801875,193,30,63,21,217,51,254,train
255,2627,512,15,248,89,39,48,37,62,7.921443965517241,7.990435384864732,1.9310344827586208,6.485946551724138,214,29,56,21,255,34,255,test
256,4317,843,35,354,115,56,50,51,113,9.21481104897475,8.841846274778883,2.4523809523809526,7.2356134384002715,308,42,98,42,495,98,256,test
257,2587,455,24,272,89,37,31,41,59,9.475363346331088,10.088038600937136,3.4193548387096775,8.841225274725275,243,31,106,43,293,110,257,train
258,2607,505,16,241,55,33,47,30,84,5.382988298829883,7.435244526350479,1.6136363636363635,6.23814896489649,208,44,67,25,277,50,258,train
259,3187,641,14,282,84,46,59,57,88,9.420301612064483,8.021203637495837,2.1333333333333333,6.420623640145606,250,30,64,22,296,47,259,train
260,4417,847,9,360,179,65,41,61,112,6.9119333496692,6.364525929208738,1.7547169811320755,8.194902049408567,322,53,115,17,547,162,260,train
261,3278,595,16,294,87,37,42,33,74,4.842815814850531,6.2323464756323474,1.0491803278688525,7.915210841713734,241,61,86,18,446,120,261,test
262,3643,705,13,341,113,53,59,47,88,9.882770129328328,9.478462496947788,2.764705882352941,7.17345285773884,314,34,92,37,394,81,262,train
263,1578,337,8,165,51,29,21,19,35,15.225714285714288,10.577609850970193,2.8,7.27681,152,10,27,17,152,26,263,train
264,3997,741,18,333,122,47,47,49,106,9.285721997300945,10.355215969177355,2.7333333333333334,7.308658272604589,297,45,123,72,390,105,264,train
265,3736,685,42,383,157,93,48,50,111,9.798678414096917,9.586721724236664,2.861111111111111,8.632402496328929,349,36,103,45,424,125,265,train
266,903,179,4,122,26,9,10,7,16,6.209309791332263,7.70948699238394,1.2857142857142858,6.928364526484751,109,14,18,9,86,17,266,train
267,3440,720,13,304,108,67,37,45,90,5.642857142857143,6.18269132825596,0.75,6.094450396825397,255,56,42,15,334,38,267,train
268,4380,849,39,413,182,85,42,51,115,10.374570082449942,9.888512548439397,3.175,7.869578021201414,353,40,127,56,445,108,268,train
269,1509,310,11,168,46,24,19,16,31,6.549923195084486,7.07126945348624,1.7142857142857142,6.966400153609831,153,21,36,10,169,30,269,test
270,3857,701,23,330,112,79,40,49,99,10.984323981613569,10.805372152983287,3.9166666666666665,7.936016944048185,291,36,141,63,352,127,270,train
271,4328,765,49,412,142,58,53,48,117,12.294117647058824,11.384434051031349,4.5588235294117645,8.44715359477124,372,34,151,69,458,134,271,train
272,2840,500,28,286,80,39,46,32,76,11.453333333333333,11.538034831475386,4.083333333333333,8.491013333333333,258,24,98,52,293,91,272,train
273,2807,504,9,267,83,36,39,40,73,10.452258852258852,10.891193690592665,3.8076923076923075,7.793572161172161,251,26,100,48,255,78,273,train
274,4224,785,33,428,137,59,53,63,117,6.92043271661106,8.368874486241431,2.0634920634920637,7.090697351127288,371,63,126,53,469,110,274,train
275,1665,317,1,185,47,25,30,13,47,7.027239061857085,8.18289091462,2.130434782608696,6.9600858455630235,168,23,50,18,161,44,275,test
276,2592,530,3,209,66,49,40,33,69,10.617495711835335,8.438071523408619,2.6818181818181817,6.6487487135506,186,22,59,19,221,42,276,train
277,3292,579,30,268,91,56,50,42,73,9.159805306955567,10.368888859301958,2.9393939393939394,6.933887533364736,228,33,96,53,283,68,277,test
278,2913,563,11,277,87,53,42,36,72,7.973440601817993,8.583994105835817,2.235294117647059,7.0380663149096225,252,34,72,30,294,60,278,train
279,1114,229,0,109,21,9,14,9,35,12.101754385964913,8.07648339933343,3.25,7.266240350877193,101,8,24,6,103,19,279,train
280,1524,255,12,141,60,23,25,18,28,6.432941176470589,8.841846274778883,2.2,8.105400392156863,128,25,54,23,167,55,280,train
281,2437,477,6,233,84,33,41,18,66,5.213716681641211,6.868970318607317,1.0476190476190477,6.483902336028751,210,42,46,18,263,41,281,train
282,2123,406,14,234,62,30,26,31,52,9.58148148148148,8.697196308434329,2.45,7.2530728395061725,216,20,53,18,215,50,282,train
283,2377,474,8,263,76,44,33,23,60,8.372433192686358,8.28583001469385,2.111111111111111,7.50535682137834,239,27,52,22,282,56,283,test
284,1340,269,6,144,32,16,21,9,43,7.018669971086329,7.3871296695380915,1.6111111111111112,6.49090429574556,134,18,29,10,145,24,284,train
285,3221,543,17,278,108,44,30,46,65,7.346875122448179,9.308941714560437,3.0,9.036683785901808,241,47,142,54,341,138,285,test
286,2062,390,2,159,49,24,25,30,55,8.14102564102564,8.472884824447931,2.1666666666666665,7.195628205128205,139,24,52,21,170,46,286,train
287,3688,682,24,313,133,90,36,53,97,9.161355490387749,9.586721724236664,3.2777777777777777,8.002713359400456,279,36,116,46,372,92,287,train
288,2505,453,27,264,75,35,27,41,55,7.521814168171784,8.754623652393292,2.5757575757575757,7.698454404976921,227,33,85,32,268,74,288,train
289,3797,725,21,317,92,54,72,46,84,7.5288401253918495,8.438071523408619,2.6818181818181817,6.827717554858935,276,44,119,38,404,76,289,train
290,509,110,3,68,18,8,8,5,10,8.424242424242424,7.168621630094336,2.0,7.27319696969697,68,6,12,3,64,12,290,train
291,4227,821,51,392,122,68,67,52,91,6.534831875392168,7.686295010490155,1.1515151515151516,7.003761905289189,321,66,76,42,555,110,291,train
292,4393,849,28,389,158,79,40,59,117,6.449585938207846,7.380573807806129,1.5384615384615385,7.074104957868986,341,65,96,35,475,99,292,train
293,2705,536,11,275,89,37,32,33,74,7.315643948581131,7.1029339738359605,1.7419354838709677,7.2479819548872175,248,31,53,15,294,49,293,train
294,4412,786,51,368,144,83,51,37,116,8.38206106870229,8.408885092690799,2.7291666666666665,8.185264885496183,315,48,130,41,505,132,294,train
295,2833,524,9,255,84,36,35,35,80,7.649225075179274,8.841846274778883,2.8484848484848486,7.678515359703909,222,33,93,33,280,74,295,train
296,4427,772,51,418,164,65,39,56,102,9.764295807819124,9.910423181423305,3.6363636363636362,8.617881488459727,374,44,153,59,533,154,296,train
297,2608,550,3,205,69,51,38,28,80,7.915151515151514,6.42735559955562,1.8,6.4406333333333325,185,30,54,9,252,52,297,test
298,3995,767,15,339,116,63,62,57,90,10.692369046706036,9.701314574385464,3.5,7.946356369353477,300,34,119,44,399,119,298,train
299,3431,582,42,361,112,47,45,59,65,7.049312714776633,8.344100000000001,2.4375,8.985752233676976,329,48,138,38,447,133,299,train
300,3341,638,31,310,108,57,49,30,93,8.280111459421803,9.150863307647796,2.25,6.965694636015326,273,36,80,40,351,57,300,test
301,3739,709,46,334,97,37,49,26,90,9.756952797521414,7.831003766801067,2.903225806451613,8.025429943502825,287,31,88,18,429,91,301,train
302,2336,442,29,221,63,34,49,30,54,10.419909502262444,10.644714898841764,2.3076923076923075,7.373342533936651,184,26,64,45,267,71,302,train
303,4025,790,47,337,101,42,74,41,104,7.562903642469647,7.957251820313856,2.326530612244898,7.11447726685611,279,49,113,34,463,100,303,train
304,1558,290,12,185,35,15,13,23,45,8.221530180699732,9.2995712137729,2.888888888888889,7.164689465590158,170,18,51,21,176,42,304,test
305,416,63,1,46,16,5,1,4,7,5.694603174603175,7.168621630094336,1.9,8.961678412698413,49,10,15,2,41,13,305,train
306,3399,630,52,354,134,57,42,34,81,12.214285714285715,10.125756701596842,4.291666666666667,8.146626984126984,323,24,101,33,378,92,306,test
307,3160,613,5,292,105,56,42,45,82,7.659398223672287,7.594959193182577,2.138888888888889,7.031175657059997,260,36,75,22,299,57,307,train
308,3908,768,14,306,101,51,48,45,93,7.441666666666667,8.007285818006526,1.9375,6.486089583333333,260,48,92,35,380,70,308,train
309,3498,631,33,316,96,47,46,47,84,12.81387297330245,11.87940476392328,4.730769230769231,8.768986017310741,281,26,123,61,368,129,309,train
310,1204,250,13,128,49,16,9,9,32,8.973333333333334,7.492282038375204,1.9166666666666667,7.3225533333333335,123,12,22,7,129,18,310,train
311,4266,851,26,369,130,68,65,37,132,7.936084606345476,7.627320914984057,1.72,7.041232540540541,320,50,86,31,463,92,311,train
312,3632,772,0,254,119,48,60,33,83,17.51824985607369,8.515128840125781,3.9444444444444446,7.809125676453656,235,18,70,16,368,63,312,train
313,3592,692,31,358,81,39,55,59,79,5.885693641618498,7.168621630094336,1.078125,6.70558901734104,301,64,67,32,439,82,313,train
314,3858,765,45,376,115,51,66,41,106,6.205022359821122,6.678205002080027,1.3157894736842106,6.4487985896112825,308,57,71,22,452,59,314,train
315,2839,531,46,283,99,38,41,29,72,8.8544474393531,8.527137837955566,2.642857142857143,8.21003638814016,243,28,74,25,325,98,315,train
316,4237,844,28,317,110,42,39,54,127,16.940558611021245,10.832165505486643,4.954545454545454,7.9908066105898845,274,22,105,39,401,85,316,train
317,4199,842,10,342,140,63,36,46,133,11.013661556179372,8.484438967287268,3.1515151515151514,7.377443439142014,306,33,104,29,402,82,317,train
318,4332,847,59,354,137,57,66,59,103,8.522323888232979,8.901047299222334,2.2291666666666665,6.804732152695789,297,48,102,45,498,97,318,test
319,3325,610,20,321,124,57,25,31,70,6.85832512315271,7.870641169985416,1.8444444444444446,8.248771395730707,291,45,90,31,375,120,319,train
320,4780,850,33,452,186,74,49,49,121,6.463398692810458,7.8897218956490685,2.0972222222222223,8.606102614379086,391,72,152,48,586,172,320,train
321,3568,728,6,278,104,36,52,29,91,10.480939749905268,7.990435384864732,3.0344827586206895,7.0288975179992415,249,29,82,21,365,61,321,train
322,3518,707,12,320,90,43,66,43,78,6.563507779349364,7.2904435330431445,1.469387755102041,6.697206647807638,274,49,73,26,383,63,322,train
323,3249,603,12,304,115,39,24,36,82,9.571689937409728,9.11188708381993,3.2580645161290325,8.03163167495854,289,31,98,33,352,96,323,train
324,4627,842,69,444,171,64,47,50,96,5.510215053763441,6.69162321629862,1.2361111111111112,8.363398685782556,358,72,135,28,632,156,324,train
325,970,223,0,96,38,7,13,12,31,18.120360360360362,7.554174236665414,2.6,7.6168931531531525,93,5,12,2,96,5,325,train
326,1725,390,7,162,56,28,25,13,42,19.705128205128204,5.985473137389441,2.875,8.686166666666667,150,8,22,2,187,25,326,train
327,4572,828,40,400,141,50,79,54,88,6.322529644268775,7.740228189696983,1.3636363636363635,8.30160478700044,349,66,122,42,515,155,327,test
328,2943,645,3,217,66,32,59,20,58,9.985092426952892,4.249461720434693,0.9230769230769231,8.0004809183065,202,26,22,1,373,56,328,test
329,4397,848,37,367,156,78,53,57,105,10.254039671020804,9.333382268041845,2.8205128205128207,7.377682522980164,316,39,108,46,501,100,329,train
330,2701,511,19,270,76,33,47,35,82,8.744538667826339,8.401726058763845,2.5185185185185186,7.263542951366238,245,27,70,23,295,60,330,test
331,1463,302,2,154,41,24,31,9,68,6.622795399093761,6.339386263674447,1.105263157894737,6.9345478215406064,138,19,26,6,151,21,331,test
332,1819,344,5,196,53,26,20,30,42,6.896124031007753,7.937092434478241,2.25,7.698218217054264,180,24,49,13,194,38,332,train
333,2750,515,25,241,77,35,32,45,59,8.233580810965163,9.247498795725022,2.0588235294117645,7.576454311821816,219,34,69,38,323,91,333,train
334,3499,578,29,367,145,56,23,43,87,11.298269896193773,11.670169846198839,4.323529411764706,9.943367820069204,336,34,147,73,391,159,334,test
335,4490,804,44,408,175,75,55,59,124,11.526879886282872,10.85414291250217,3.5428571428571427,9.23400474769012,372,35,127,63,508,167,335,test
336,3960,717,31,331,102,54,40,47,100,9.306426349104173,9.913227119182746,2.948717948717949,7.69756799699603,296,39,116,55,384,106,336,test
337,3893,731,59,384,141,62,41,45,107,7.827812055054581,8.724045039944539,2.326530612244898,7.551731458164661,328,49,113,47,476,105,337,train
338,2098,398,5,227,60,27,28,30,48,5.980025125628141,7.168621630094336,1.84375,7.466942713567839,201,32,59,16,220,60,338,train
339,4007,788,37,335,97,46,61,71,94,10.82764041264123,8.748949900417786,3.0,7.041373604060913,286,31,92,30,376,57,339,train
340,4328,849,23,325,173,77,33,66,120,10.965013477088949,9.749128247673873,3.1714285714285713,7.10991167115903,292,35,113,47,404,91,340,train
341,3433,676,18,310,103,45,44,23,109,9.337573964497041,7.972316293177499,2.46875,7.16024674556213,275,32,76,23,328,63,341,test
342,1291,262,1,155,49,23,16,13,41,9.038676844783714,7.793537801064561,2.3333333333333335,7.130120356234097,147,12,28,8,134,21,342,train
343,3445,654,4,261,136,39,43,40,84,10.147252747252749,8.07648339933343,2.5,8.431774725274725,236,28,74,21,335,104,343,train
344,2891,560,1,220,67,36,59,40,68,6.80252100840336,7.048011613610866,2.0588235294117645,6.737351890756303,188,34,70,16,250,50,344,train
345,3306,637,6,292,87,39,59,45,85,8.647636490493634,8.998388855275966,2.25,6.720282592011163,263,36,78,38,307,57,345,test
346,3925,742,35,359,111,48,67,51,102,7.932144290875724,8.656518465578396,2.1914893617021276,7.228549503928427,305,47,103,44,441,82,346,train
347,1932,388,16,198,60,46,24,19,63,6.986156111929309,7.447530270364452,1.9285714285714286,7.2946132547864515,176,28,52,16,217,45,347,train
348,2689,486,30,267,88,29,36,42,46,5.799101242400212,7.010146845296333,1.9743589743589745,8.322908141686494,221,39,85,18,359,100,348,train
349,3433,695,3,318,110,51,58,48,96,12.043764988009592,8.212053250817874,3.0833333333333335,7.117581534772182,298,24,73,19,313,51,349,train
350,3270,590,14,285,136,58,40,46,97,13.846779661016951,13.724665902772724,5.52,8.821466779661018,258,25,133,86,303,129,350,test
351,3670,688,18,377,107,47,50,57,100,7.0385200845665965,8.52124585384065,2.0,7.4470817230443975,334,55,106,48,430,97,351,train
352,4213,828,39,365,117,57,53,44,102,8.26280193236715,8.252601668568683,2.1956521739130435,6.741425603864734,315,46,98,36,417,70,352,train
353,3587,669,15,304,124,48,54,42,90,9.185324092947411,8.39129553211222,2.727272727272727,7.285495135208588,258,33,90,28,338,76,353,train
354,3129,620,9,264,94,39,43,29,91,7.0252833478639936,6.643151254067906,2.1621621621621623,6.60692545771578,226,37,79,14,312,60,354,test
355,2733,509,19,277,84,36,22,30,74,8.751303208906352,8.841846274778883,2.533333333333333,8.262683208906353,256,30,76,28,332,87,355,train
356,3937,843,11,274,80,27,85,25,110,11.35191520300004,6.828538100315306,2.2903225806451615,6.371373546856465,236,31,67,13,418,51,356,train
357,3845,720,22,316,121,63,37,49,91,7.038647342995169,8.112205042999317,2.608695652173913,7.11030615942029,272,46,120,35,380,84,357,train
358,2851,566,24,268,84,44,42,34,78,8.465394581861013,8.648137234880735,2.533333333333333,6.748293733804475,238,30,76,28,300,48,358,train
359,3999,754,49,380,115,51,56,57,112,10.218009214016474,10.064110947511566,2.8684210526315788,7.74097346084043,348,38,106,55,432,110,359,train
360,3149,603,18,307,123,62,45,30,68,9.953548683229101,8.841846274778883,2.793103448275862,8.946896442710425,275,29,87,29,350,101,360,train
361,2348,455,27,226,64,36,38,24,56,8.814102564102564,8.472884824447931,2.5416666666666665,6.832547619047619,200,24,61,21,251,41,361,test
362,1486,297,6,164,45,22,25,14,40,8.233080808080809,7.413659706084162,2.375,7.9597589225589225,161,16,37,9,158,36,362,train
363,3015,596,11,292,93,33,15,45,87,5.987977823168953,7.505811317475913,1.6521739130434783,6.716526028596441,248,46,72,27,319,59,363,test
364,4081,843,4,317,147,61,43,41,85,18.411662608478494,9.682069395223575,4.684210526315789,8.3470906474371,304,19,86,25,419,93,364,train
365,1241,244,10,151,50,19,13,4,31,7.490273224043716,7.554174236665414,2.066666666666667,7.290703715846995,142,15,30,9,136,28,365,train
366,1034,212,1,117,46,22,9,12,35,5.931631520532742,6.79490614679532,0.9411764705882353,6.563956270810211,112,17,16,7,105,14,366,train
367,4258,850,2,284,100,41,45,51,101,7.964118666633174,7.211369081168441,1.7234042553191489,7.177557208169007,244,47,78,24,413,110,367,train
368,1150,244,0,105,48,26,11,10,33,6.2639344262295085,5.148860815047168,1.125,6.1401540983606555,96,16,17,2,120,8,368,train
369,4352,834,40,389,124,66,42,41,109,9.181832733093236,8.192908349453996,2.2142857142857144,7.899549059623849,337,42,110,31,500,119,369,train
370,4222,819,23,361,165,90,54,58,126,11.0994338994339,8.296473431620573,2.727272727272727,7.952219302919303,319,33,89,26,472,112,370,train
371,1518,299,11,156,53,21,14,11,46,10.635562987736902,7.492282038375204,3.4166666666666665,7.671262987736901,143,12,37,7,154,38,371,train
372,4765,817,32,410,159,81,53,60,116,13.184313725490197,12.311054993355175,4.555555555555555,9.153327941176471,376,36,163,90,499,162,372,train
373,2770,516,22,251,82,32,36,25,60,6.76826265389877,7.724431198458867,2.0588235294117645,7.4493304605563155,210,34,66,22,295,60,373,train
374,2934,559,15,280,75,27,42,52,68,7.188144853261133,8.358175599149588,2.1621621621621623,6.758599192573611,241,37,79,30,295,63,374,train
375,2720,478,15,238,77,38,41,39,69,11.787143400532521,11.299434782280677,4.0,9.17369155572461,235,22,76,38,304,94,375,train
376,4337,767,52,418,136,60,39,60,109,8.53495697522816,9.3871,2.58,8.55587768970013,361,50,151,57,510,166,376,train
377,4814,849,37,448,153,71,60,60,110,6.484106301531213,7.353732842774623,2.046875,8.869669346289752,379,64,172,35,667,179,377,train
378,2107,407,5,193,59,39,22,31,64,6.203473693128866,7.6298220110433,1.6551724137931034,5.612880615097857,157,29,46,18,182,17,378,train
379,2950,595,20,288,63,25,34,33,74,6.40992006558721,7.11905507035037,1.6097560975609757,6.744708239393319,255,41,62,20,322,51,379,train
380,4150,848,25,330,131,71,33,55,96,8.605317324185249,7.348242739294969,1.6136363636363635,6.640658404802744,284,44,71,24,409,79,380,train
381,3584,716,4,317,99,46,58,40,101,5.99938354844924,7.168621630094336,1.293103448275862,6.2997392024658065,275,58,74,29,398,51,381,train
382,4182,841,7,303,148,66,48,20,140,7.523809523809525,6.956979308442209,2.0,7.099654761904762,270,49,96,22,411,66,382,train
383,2618,512,23,247,62,38,45,34,73,12.237152777777778,10.62613485830676,3.0,6.712696006944444,218,18,53,31,257,39,383,train
384,1513,280,12,175,53,18,13,25,27,4.733333333333333,6.88968998030894,1.2333333333333334,8.159719047619047,150,30,37,13,169,44,384,train
385,3851,700,35,342,125,51,58,78,88,6.813186813186814,8.44344225975766,2.1538461538461537,6.7403637362637365,283,52,110,45,375,86,385,test
386,4021,772,24,336,100,51,71,34,84,4.981376757957069,6.4037118853995505,1.3428571428571427,7.19016222057735,290,70,94,23,429,95,386,train
387,3887,751,25,358,129,47,39,49,116,8.37187991768551,9.095868883498916,2.227272727272727,7.132269567848929,315,44,96,46,409,86,387,train
388,4383,836,12,276,80,46,79,61,115,10.798304853041696,9.002800196639253,3.1714285714285713,7.106626165413534,235,35,111,37,381,83,388,train
389,3999,779,29,297,124,45,42,39,110,7.595479153876207,7.893859768569022,2.0434782608695654,6.827736077468327,253,46,92,32,408,80,389,train
390,4556,850,26,379,145,68,58,62,116,9.76732026143791,10.047579312681364,3.1555555555555554,7.248400653594771,322,45,135,64,434,111,390,train
391,3444,681,14,310,64,38,54,50,87,11.592928950638203,8.9506702679445,2.8076923076923075,7.022422602507625,277,26,72,27,340,65,391,train
392,4609,847,39,404,135,72,60,40,141,9.23172609208973,9.69254577184881,3.14,7.627267093270366,356,50,153,65,532,130,392,train
393,2586,512,11,254,80,39,41,32,63,8.247076612903227,8.748949900417786,2.096774193548387,7.107926562499999,236,31,64,29,263,63,393,train
394,2870,547,2,238,99,43,48,28,55,10.594553272814144,9.54385415503706,2.869565217391304,7.503466364070712,227,23,68,27,253,51,394,test
395,3928,838,0,312,139,56,58,40,101,15.113293114208446,8.587818076936951,2.3043478260869565,8.064722987310173,293,23,54,21,369,77,395,test
396,4592,840,51,397,133,65,51,70,115,9.629656517499187,9.855512778267208,3.6363636363636362,8.063986228193738,346,44,156,60,501,139,396,train
397,2804,513,15,265,73,39,38,35,66,9.171443965517241,9.314750747691289,2.5172413793103448,7.842899676724138,232,29,72,32,298,80,397,train
398,4418,769,52,416,132,55,46,47,95,7.280041253755437,8.433251757073789,1.9827586206896552,8.482892215595713,350,58,159,50,535,168,398,test
399,4268,847,0,321,120,66,52,41,113,16.18560068772835,9.339509955726097,4.136363636363637,8.36215514721685,291,22,92,26,443,107,399,train
400,4407,849,20,316,100,43,63,42,107,7.120541813898704,8.395991825355823,1.9333333333333333,6.84911738515901,242,60,112,51,472,115,400,train
401,3752,679,53,350,144,66,39,54,96,9.755857182661307,9.358847034038229,2.6486486486486487,8.430276364287705,311,37,98,42,424,126,401,train
402,3878,720,30,346,93,39,62,36,96,8.97545219638243,9.648456367147027,3.0,7.712733850129199,297,43,128,56,455,112,402,train
403,3176,593,22,317,98,56,54,27,79,9.000079357206628,9.007467420416297,2.764705882352941,7.510469368118242,292,34,92,35,354,80,403,test
404,3112,581,22,303,114,55,27,37,75,8.594274843735846,9.682069395223575,2.5,7.846372524685207,277,38,94,49,307,89,404,train
405,4348,846,5,359,170,61,50,50,108,7.899228696217825,8.124751697461797,1.7647058823529411,7.544238955487408,316,51,89,39,466,124,405,train
406,3743,659,15,290,119,68,37,38,102,11.872214652552145,12.25470773602088,4.655172413793103,7.905508720259931,258,29,136,71,370,105,406,test
407,4463,849,26,348,136,69,50,52,111,7.452867184609693,8.374686772538922,2.0588235294117645,7.012200342212356,290,51,116,43,456,94,407,test
408,2034,406,3,222,76,33,20,26,48,4.848177339901478,5.838893488441508,1.175,6.784570541871922,202,40,46,9,225,39,408,train
409,3508,700,7,283,109,55,65,37,106,13.87012987012987,10.63711953065702,3.1818181818181817,7.673410389610389,258,22,68,37,318,50,409,train
410,2721,503,24,229,86,43,33,44,68,7.061068546327511,8.841846274778883,1.8974358974358974,6.9800007865972,184,39,74,39,270,69,410,test
411,1816,350,4,167,40,14,35,24,50,9.606349206349206,9.2995712137729,2.5,6.85665873015873,148,18,43,21,172,32,411,train
412,3893,702,50,340,106,51,61,47,84,7.8137495354886655,8.964715089967882,2.608695652173913,7.879835141830794,289,46,121,48,452,120,412,train
413,3167,614,24,322,82,38,39,49,86,7.16288233892111,7.8500785054351265,1.7073170731707317,6.822368419798204,285,41,68,28,343,65,413,train
414,4772,833,34,465,177,76,41,75,123,7.895325630252102,9.188382445141503,2.609375,8.755592406962785,420,64,184,70,566,183,414,train
415,3195,598,27,270,114,35,52,44,78,9.322063443802575,9.178173031916092,2.242424242424242,8.205562957332523,236,33,100,37,378,116,415,train
416,3139,588,34,301,120,52,28,23,81,6.92135529055461,7.870641169985416,2.3333333333333335,7.995633916335415,276,45,100,30,411,97,416,train
417,1279,267,0,139,44,14,4,21,30,4.401503759398497,5.288315135182226,0.7142857142857143,8.975293984962406,135,28,24,4,131,33,417,test
418,1190,243,4,135,41,18,20,14,30,7.806141183918962,6.297961479604793,1.6923076923076923,6.642980025324469,129,13,23,4,107,18,418,test
419,4535,835,61,383,143,58,63,47,112,7.909736083388779,8.167268648758528,2.425925925925926,8.053127633621646,321,54,169,42,535,160,419,train
420,2350,497,9,216,75,28,27,25,79,15.16579476861167,9.04235418022936,2.5714285714285716,7.239996177062374,199,14,36,15,223,33,420,test
421,2893,529,28,267,91,40,35,22,57,4.978706966657632,6.6274283507984215,1.2857142857142858,7.339172756844674,215,56,72,21,389,75,421,train
422,2860,578,6,281,133,61,38,31,75,9.515145062549907,7.882392219407189,1.8846153846153846,7.389025046579718,261,26,51,18,300,54,422,train
423,4444,845,33,380,138,59,46,63,120,10.296153846153846,9.57969875127883,3.45,7.524631360946746,340,40,134,51,429,116,423,test
424,4087,818,19,327,155,62,59,42,110,21.87058823529412,12.38480682065935,5.0,8.87516862745098,317,16,77,34,385,85,424,train
425,4472,844,44,415,115,71,90,73,107,6.065314375987363,7.141601115264643,1.08,7.244155854660347,334,75,79,37,518,110,425,train
426,1743,362,2,185,61,31,26,11,49,11.911942201444965,7.882392219407189,2.769230769230769,7.8092714407139825,174,13,35,9,190,33,426,train
427,1910,366,6,191,74,39,9,30,48,9.116939890710382,7.984000788550335,3.111111111111111,7.66497868852459,175,18,56,12,203,43,427,train
428,4185,847,25,343,129,55,79,44,105,8.350019677292407,6.30737862214753,1.880952380952381,6.650131483667847,293,42,75,12,434,72,428,train
429,4267,845,18,369,137,66,60,43,122,10.147638647519742,8.914623046629139,2.6666666666666665,7.146864267203268,318,39,103,40,438,87,429,train
430,4312,844,45,336,111,61,63,56,106,10.487042076617124,8.124751697461797,2.2058823529411766,7.039052173609657,283,34,76,26,436,73,430,train
431,1500,252,12,151,60,26,14,19,34,5.955555555555556,8.626192665926032,2.5925925925925926,7.545663492063492,130,27,70,25,166,47,431,train
432,4072,828,5,313,129,61,58,34,127,6.973694284933005,6.892418011121329,1.7735849056603774,6.45187818795005,270,53,90,23,449,64,432,train
433,3808,815,7,265,110,45,67,46,72,19.56910862504511,9.325443323948027,3.1176470588235294,7.603069469505593,247,17,50,20,377,36,433,train
434,1836,355,14,186,68,36,22,13,53,9.592377796188899,8.4952907291091,1.9411764705882353,7.874743579121789,172,17,37,15,197,60,434,train
435,3694,690,40,332,103,51,52,51,91,9.488444966705837,9.21561531244674,3.108108108108108,7.513516451233842,293,37,117,42,384,105,435,train
436,2359,451,13,213,57,33,39,32,74,7.343710273466371,7.42949916751922,1.7666666666666666,7.007984818920916,191,30,53,17,262,56,436,train
437,1245,226,20,136,35,15,17,21,25,7.087558563248308,7.724431198458867,1.9411764705882353,7.23031301405518,121,17,30,11,137,34,437,train
438,4611,849,16,398,150,65,65,39,137,7.404879635653872,8.16106018226119,2.103448275862069,8.402287621990892,340,58,136,45,551,152,438,test
439,4271,842,10,350,128,55,51,41,132,7.26377888145109,7.814691822520687,1.8181818181818181,7.19002330814079,308,55,110,37,421,112,439,train
440,4742,847,54,417,156,72,37,46,107,9.230706414797323,9.516144504307135,3.3541666666666665,8.74352790240063,370,48,175,60,549,173,440,train
441,3229,605,36,313,122,55,40,40,76,12.108515989938915,9.761364909221204,3.5217391304347827,8.334088214157385,277,23,85,31,333,96,441,train
442,3867,734,51,376,118,42,65,47,89,6.175512574261848,7.696955130343263,1.7868852459016393,7.524702251306562,317,61,110,39,527,108,442,test
443,3627,710,47,301,86,47,68,35,97,6.528312733544123,7.523968598718282,1.4081632653061225,6.445700919804541,256,49,68,29,411,64,443,train
444,3599,711,4,304,139,56,45,52,107,11.957424151095038,10.371327730470783,3.5,7.716421719911594,284,28,97,45,327,80,444,train
445,2525,499,13,278,81,38,23,29,61,5.9244255953768,7.397020576406223,1.2325581395348837,6.585337190660391,246,43,53,24,280,49,445,train
446,2439,491,9,215,63,33,41,24,63,11.395905241719369,9.414487439383343,2.6315789473684212,8.005518930217601,200,19,44,22,258,49,446,test
447,3153,569,38,302,88,49,32,68,76,10.294483814275187,10.598780456956124,3.4516129032258065,7.849202284710017,270,31,111,53,319,99,447,test
448,3476,689,8,295,122,61,41,34,108,40.06809040016588,12.540900571622839,9.857142857142858,11.360298797428985,283,7,68,18,301,75,448,train
449,3664,702,5,317,107,35,64,59,90,8.795441595441595,8.986495653885253,2.871794871794872,7.385895441595441,277,39,112,41,372,96,449,train
450,4086,777,31,383,132,65,35,31,113,7.484079037020213,7.994972329748466,2.549019607843137,7.603007139071845,338,51,126,37,485,103,450,train
451,1918,404,6,188,63,27,17,16,55,6.067463298053944,6.647476241863616,1.4827586206896552,6.59436049846364,170,29,43,11,226,35,451,test
452,4312,850,38,395,150,60,46,53,117,8.068187274909965,7.6729893032291185,1.6938775510204083,7.710637575030011,339,49,81,30,480,122,452,test
453,3008,553,8,309,93,49,37,33,92,9.852983725135624,9.424239791934728,3.607142857142857,8.013948101265822,288,28,99,34,305,87,453,test
454,2530,489,18,241,71,40,22,33,55,6.43097308488613,7.225922671290521,1.9142857142857144,7.001683933747412,207,35,65,18,290,54,454,train
455,1789,359,3,183,77,42,17,13,59,11.371348985276562,9.784248007369934,2.7857142857142856,7.239499920413848,172,14,39,19,179,34,455,train
456,2869,551,11,298,90,39,34,51,59,6.712659810445655,8.094773233980128,1.711111111111111,6.994895224843718,264,45,76,33,337,67,456,train
457,4479,842,42,349,153,46,43,44,110,7.14392632412385,7.203901964836031,1.5964912280701755,8.101028574405134,294,57,108,26,582,165,457,train
458,4644,836,43,415,167,86,31,53,116,9.024082934609252,10.125756701596842,2.9166666666666665,7.919014992025518,350,48,137,70,450,127,458,train
459,4402,840,37,416,145,50,46,69,109,6.698672911787665,8.143615144173715,1.9344262295081966,7.515111631537861,360,61,114,46,521,105,459,train
460,4199,757,37,371,125,81,58,49,117,6.823088462485727,8.388109219054641,2.3559322033898304,7.6102776324922194,316,59,139,49,496,117,460,train
461,2052,393,11,217,73,40,45,27,40,8.773953273189916,9.339509955726097,2.5454545454545454,7.576073259310664,204,22,54,25,211,52,461,train
462,2986,557,30,292,78,37,55,39,72,8.470578994614005,9.017664075816786,2.78125,7.136241382405745,251,32,87,34,319,66,462,train
463,2491,493,6,233,77,39,36,34,64,7.09817444219067,8.124751697461797,1.4705882352941178,6.085233468559838,196,34,48,26,225,35,463,train
464,4754,849,45,399,153,62,66,66,105,9.015873493221061,10.393551070913901,2.574468085106383,8.717094932711827,336,47,131,76,537,158,464,train
465,2585,538,1,243,70,31,47,30,60,8.574320846439807,6.8449194561589275,2.0,6.775998312839577,216,26,52,11,255,38,465,test
466,3231,610,10,218,68,41,52,42,83,13.825711820534947,9.134995656068206,4.105263157894737,7.636248921484038,196,19,77,21,279,52,466,train
467,3783,724,27,272,96,47,59,48,88,12.243433914152147,9.265573868473778,3.076923076923077,7.0895614959626005,225,26,80,30,318,66,467,train
468,4256,841,4,277,121,54,56,47,124,14.26456123662307,9.281916038205594,3.48,7.689502977407848,256,25,85,29,375,86,468,train
469,3263,614,29,301,109,58,33,33,86,8.847638436482084,7.865858978985526,2.34375,8.599991530944624,254,32,111,21,389,118,469,test
470,1417,295,0,122,38,15,18,11,60,13.47482993197279,6.937597516519254,3.0,7.5661884353741495,115,9,26,4,134,26,470,train
471,4683,828,45,448,160,82,63,79,97,7.905876152832675,8.683859531658005,2.290909090909091,8.063724778216953,394,55,138,52,546,141,471,train
472,2728,510,29,262,73,29,49,34,69,7.39719887955182,8.146662555663855,1.8857142857142857,7.331478151260504,224,35,65,27,308,77,472,test
473,3188,543,12,217,123,44,16,45,76,8.39060773480663,9.516144504307135,3.388888888888889,7.990452854511971,189,36,122,44,291,103,473,train
474,3879,709,32,334,129,47,44,72,111,7.536271186440678,7.715138304826219,2.577777777777778,7.516887457627119,282,45,114,29,440,115,474,train
475,3415,705,7,279,124,69,46,37,96,9.967375886524824,7.554174236665414,2.033333333333333,6.795447517730496,256,30,62,17,352,48,475,train
476,4339,840,27,385,128,73,60,57,100,10.604010025062657,9.811843763644266,2.6315789473684212,7.139016290726817,350,38,102,52,454,107,476,test
477,702,131,1,82,28,18,8,10,11,12.617404580152673,10.355215969177355,3.6,7.226172671755725,83,5,18,8,52,13,477,train
478,3721,729,34,345,107,56,50,49,109,7.436524124768892,7.665016162671287,1.9782608695652173,6.783471241128407,290,46,92,29,410,68,478,train
479,2917,590,3,260,101,46,43,26,78,7.217433414043583,6.991621456251084,1.8285714285714285,6.613631234866828,233,35,62,16,294,51,479,train
480,2166,408,10,219,67,34,31,22,59,7.80250980392157,8.608573733854374,2.36,7.387246509803922,197,25,59,23,214,59,480,train
481,2548,490,12,260,88,36,32,33,57,5.678446988551518,7.217587316427112,1.2926829268292683,7.35505599800896,233,41,53,21,292,67,481,test
482,1685,340,8,177,56,29,21,14,46,10.36078431372549,9.3871,2.7333333333333334,6.989943137254902,171,15,39,18,150,37,482,train
483,2136,411,9,211,51,28,32,32,51,6.575506893755069,7.09310989459467,2.037037037037037,7.34974606650446,190,27,53,11,221,46,483,train
484,3352,612,22,289,83,37,60,42,82,9.487130944331756,9.223106411051027,3.103448275862069,7.598704890691908,244,29,89,33,338,82,484,train
485,21,4,0,4,1,0,0,0,0,11.600000000000001,8.841846274778883,1.0,11.7299,5,1,1,1,3,1,485,train
486,3000,553,14,229,99,40,31,44,75,10.388343302267353,10.125756701596842,3.6538461538461537,7.461128348866324,202,26,96,38,266,70,486,test
487,4388,811,22,349,123,75,68,50,104,7.1752471316014965,8.17336443882689,2.0,7.413986501285294,298,59,116,43,468,111,487,train
488,3522,726,19,291,137,72,48,36,92,12.650964187327824,7.937092434478241,2.2083333333333335,7.420577685950413,261,24,53,17,332,66,488,test
489,3805,704,15,361,134,73,42,37,116,6.943965422912791,7.610546881738771,1.6730769230769231,8.417395240179452,323,52,102,31,453,121,489,train
490,3329,679,28,290,105,60,49,42,90,7.213491863931896,6.584502450881947,1.4390243902439024,6.9694413269154785,252,41,59,15,363,67,490,train
491,3654,728,8,295,114,65,55,37,92,8.84029304029304,8.222332236545338,1.9743589743589745,6.861460073260073,259,39,77,30,357,81,491,train
492,3419,673,14,266,90,38,31,30,98,8.828547548291233,6.4784943948869325,2.125,7.800110624071323,234,32,85,10,343,93,492,train
493,4144,800,24,354,105,62,58,50,111,10.846969696969698,9.095868883498916,3.4242424242424243,7.819286742424242,312,33,109,34,418,93,493,test
494,2273,413,12,225,71,29,27,33,44,7.536745428738415,8.53829466247534,2.896551724137931,7.477932946480754,197,29,84,26,216,67,494,train
495,2630,525,22,263,89,39,40,25,72,6.633613445378152,7.048011613610866,1.8235294117647058,6.688172829131653,218,34,59,15,288,43,495,train
496,4496,844,46,409,158,72,51,86,109,6.54705569539476,8.398303386505233,1.5820895522388059,7.297812340908285,342,67,102,57,511,101,496,train
497,1978,385,14,220,59,30,32,17,47,8.246753246753247,8.710501217029154,2.409090909090909,7.129331168831168,206,22,53,21,203,38,497,train
498,3421,664,0,279,90,41,17,27,73,7.562386129885396,7.407850130929221,1.951219512195122,7.673874434322657,254,41,84,22,391,76,498,train
499,3561,625,26,361,134,53,30,50,84,10.61694117647059,10.39495659498063,3.676470588235294,8.641032705882353,332,34,123,54,410,123,499,train
500,2922,557,26,282,82,30,27,49,75,10.784061981184283,9.661875296680812,3.1538461538461537,7.50870570005534,257,26,79,33,309,74,500,test
501,3787,781,5,319,138,64,62,34,84,8.257557466008171,7.168621630094336,1.8095238095238095,7.086032516309981,283,42,76,20,390,66,501,train
502,3110,570,33,318,103,46,53,43,67,7.2631578947368425,8.452757503120042,2.4210526315789473,7.843219298245614,284,38,92,32,398,86,502,train
503,4440,827,65,433,148,67,74,53,112,8.614448633141285,9.115336370404442,2.5686274509803924,7.381136612371671,372,51,134,55,518,121,503,train
504,1486,285,14,162,51,18,14,11,30,4.632788868723533,6.647476241863616,1.3103448275862069,6.395492135511192,143,29,36,11,180,25,504,train
505,2957,575,7,269,97,56,40,27,75,11.252898550724638,9.725611199111238,3.25,7.543459420289855,246,24,76,31,295,74,505,test
506,4701,851,22,435,155,60,69,65,113,9.38683259735046,9.583734159087529,2.702127659574468,8.348568657165796,379,47,132,59,524,159,506,train
507,2563,494,19,253,62,33,29,26,70,7.470546558704453,8.567472430010655,1.8125,7.151066396761133,225,32,55,29,278,57,507,test
508,2989,575,39,288,98,43,33,39,78,7.599133628401922,8.098718942377015,1.972972972972973,7.21185877201243,247,37,72,28,346,72,508,train
509,784,175,0,88,28,15,17,3,21,35.22857142857143,8.841846274778883,5.0,10.232214285714285,88,2,9,2,80,10,509,test
510,4463,776,34,408,181,83,33,46,113,8.377908689248896,9.470358648722666,2.732142857142857,8.780012739322533,369,56,150,69,501,169,510,train
511,1917,365,14,213,37,15,38,18,49,6.826301369863014,7.554174236665414,1.64,6.4804134246575344,190,25,41,15,213,34,511,train
512,1857,347,8,196,60,25,28,23,54,7.676763795495784,9.348350401419415,2.4814814814814814,7.459254445511794,180,27,67,32,195,50,512,train
513,1477,243,4,116,45,36,13,26,33,12.250585628363408,12.766815935922704,4.923076923076923,8.78730101297879,102,13,64,37,120,60,513,train
514,4315,841,30,313,125,62,65,25,125,9.272589468537026,7.7029575706861575,2.1025641025641026,8.072320164420404,274,39,79,25,489,144,514,test
515,4319,846,35,363,129,66,56,52,124,7.905557489267898,8.188393138257904,2.1372549019607843,7.205203329852651,315,51,111,40,500,115,515,test
516,2396,448,14,247,55,31,58,38,51,6.49563492063492,8.07648339933343,1.8888888888888888,6.932405158730159,207,36,68,27,236,58,516,train
517,1569,316,6,170,38,24,36,27,35,4.607679708826206,6.3317336037704965,1.0285714285714285,6.394667570518653,151,35,36,11,171,36,517,train
518,4429,822,38,414,149,59,57,50,115,5.486674882295321,7.089147864724502,1.2467532467532467,7.988636006572503,353,77,107,37,601,139,518,train
519,3035,593,13,255,119,45,34,25,81,8.064775921099699,7.229369725052465,2.0,7.6698205784659415,234,33,64,15,361,80,519,train
520,4200,849,21,263,117,52,75,38,89,9.639265680775116,7.3291945935293645,1.5405405405405406,6.579445831208567,231,37,57,19,391,62,520,test
521,1894,360,15,197,53,21,26,26,61,10.099507065395992,9.325443323948027,2.823529411764706,7.018643345382846,181,17,46,17,170,38,521,train
522,2856,555,7,254,87,46,56,38,51,7.351866151866152,7.859703344183488,1.7142857142857142,7.21115842985843,222,35,62,24,299,74,522,train
523,4537,849,36,381,117,52,62,34,116,6.147592227541537,7.07714890411121,1.7014925373134329,7.857987756969868,320,67,134,31,567,152,523,train
524,4547,843,69,379,131,67,65,58,102,8.977552308119433,9.475245186127108,2.5319148936170213,7.335742583478458,314,47,114,56,454,94,524,train
525,4168,792,19,381,139,53,56,47,94,7.626839826839827,8.192908349453996,1.9821428571428572,7.846874603174603,345,56,111,44,462,125,525,train
526,3175,597,38,318,101,51,32,30,78,7.578040201005026,8.472884824447931,2.4,7.444853701842546,281,40,96,35,362,83,526,train
527,3841,765,7,266,128,65,38,62,91,9.472884649355239,8.358175599149588,2.108108108108108,6.932471029853383,228,37,77,31,334,64,527,test
528,4455,813,41,379,157,78,57,55,136,9.801326013260132,9.923748647568353,3.5121951219512195,7.708112888128881,337,41,142,58,459,115,528,train
529,1778,358,9,175,45,28,24,17,69,15.624537815126054,9.642632912329528,3.9,7.574474901960785,169,10,39,13,193,37,529,test
530,4446,846,37,424,131,63,62,45,133,8.941252955082744,8.9596472513307,2.5625,7.963595981087471,374,48,121,49,510,128,530,train
531,4279,847,11,317,125,48,75,41,103,8.331722418995147,7.3011,2.422222222222222,6.788511974288339,266,45,106,23,404,75,531,train
532,4212,846,14,344,132,49,59,45,118,5.645626477541372,6.6274283507984215,1.25,6.421687706855792,290,72,90,27,472,81,532,train
533,3418,641,37,324,94,52,49,34,68,6.183113008730875,7.273561745256522,1.5789473684210527,7.076388540383721,272,57,89,30,432,94,533,train
534,3237,605,55,280,86,51,38,53,91,7.822966507177033,8.452757503120042,2.5789473684210527,6.983903218790779,226,38,97,33,335,75,534,train
535,4109,777,38,349,122,55,51,44,102,7.81926406926407,8.07648339933343,1.8333333333333333,7.405608225108225,291,48,86,36,469,91,535,train
536,2609,504,17,258,88,39,44,36,66,6.468571428571429,7.7348632917899725,1.775,6.642491746031746,222,40,71,26,288,54,536,train
537,2523,474,23,254,80,35,42,39,64,7.9393397865475315,9.627879704456738,2.3823529411764706,7.092897964755522,224,34,79,44,288,70,537,train
538,1934,326,7,191,50,27,21,20,47,8.132719836400819,9.2995712137729,3.7916666666666665,8.572564621676891,180,24,91,28,202,71,538,train
539,3823,712,29,349,101,41,51,62,95,8.665645125471908,8.766177420268882,2.6578947368421053,7.651476001184395,305,38,101,37,431,106,539,train
540,3271,650,19,301,115,51,48,48,76,8.986480186480186,8.19987849500987,2.242424242424242,7.2127466200466195,267,33,72,25,357,70,540,test
541,2283,441,8,230,77,32,36,19,49,9.436363636363636,7.908726449838941,3.0,7.5986090909090915,213,20,58,14,254,51,541,train
542,3706,703,23,327,109,58,70,48,90,10.082649867913027,9.888512548439397,2.942857142857143,7.440361670392197,288,35,103,49,387,96,542,train
543,2714,548,0,228,91,45,38,22,63,5.273788984737891,5.4076975052450775,1.0,6.271216257465163,203,44,49,7,293,47,543,train
544,3654,706,17,320,112,44,53,46,106,9.598316471064347,9.3871,2.8857142857142857,7.007739401052206,274,35,99,42,348,76,544,test
545,4371,849,46,361,120,72,49,55,100,10.742976939203356,8.998388855275966,2.9722222222222223,7.411695178197065,310,36,113,38,452,109,545,train
546,3963,780,33,336,128,65,63,49,93,11.835897435897436,9.473421319101043,3.1,7.456548717948718,303,30,91,37,436,83,546,test
547,3453,700,21,293,86,33,44,29,98,12.17142857142857,9.490545024520767,2.76,6.852428571428572,259,25,68,29,350,41,547,train
548,4397,850,23,353,156,91,40,48,130,15.989648033126294,10.276239652853532,5.0,8.211228260869564,318,23,111,36,382,108,548,test
549,4257,847,22,344,133,44,63,51,109,7.695795903701043,7.079830092131019,2.130434782608696,6.469940439402495,287,46,97,22,425,62,549,test
550,1987,367,9,183,58,21,30,35,57,6.151987221648032,7.372421405659032,1.896551724137931,7.620109358263647,170,29,56,16,222,51,550,train
551,2995,574,36,287,76,45,31,30,68,8.108710801393729,8.979522561349006,2.024390243902439,7.466893031358885,258,41,76,43,369,84,551,test
552,4301,856,26,323,123,42,63,65,99,6.9086782376502,7.6454224807358475,1.4464285714285714,6.921809279038719,276,56,87,32,472,85,552,train
553,4185,763,21,372,110,48,50,42,103,7.906159895150721,8.724045039944539,2.8979591836734695,7.616509960681521,321,49,140,45,445,112,553,train
554,3383,620,48,332,117,51,36,37,91,10.289345063538613,10.300263719432788,3.242424242424242,8.210265884652982,293,33,105,51,375,117,554,train
555,3855,736,38,344,101,50,64,35,112,8.096511627906976,8.20894155585173,2.2093023255813953,7.42463863751264,298,43,92,32,425,93,555,train
556,4459,845,50,381,135,51,62,43,94,13.783324556784274,10.504223727775692,3.7777777777777777,8.199032718974898,335,27,125,44,481,115,556,train
557,3369,654,13,254,97,48,59,39,73,9.162691131498471,9.225670689056813,2.5833333333333335,7.000227217125382,217,36,93,40,322,71,557,train
558,4882,844,36,462,189,81,52,68,123,8.379931361333552,8.939507131559953,3.0344827586206895,8.754770256577872,431,58,165,54,603,161,558,test
559,2731,515,10,266,92,32,39,29,56,6.895423023578363,7.554174236665414,2.3714285714285714,7.4016877947295425,246,35,82,21,309,68,559,train
560,3073,594,16,267,88,60,50,28,80,8.44182364182364,8.918530864059932,1.945945945945946,7.489767613067613,233,37,72,38,314,80,560,train
561,3316,651,12,320,123,59,39,28,109,9.484292576815012,9.247498795725022,2.3823529411764706,7.673153204024291,297,34,81,39,322,93,561,train
562,4718,847,63,415,162,64,91,58,116,11.144170242174678,10.957957172930563,3.8292682926829267,8.221836378034382,362,41,150,75,585,158,562,train
563,4670,847,50,422,147,90,68,52,131,8.175147579693036,8.942964678507748,2.4464285714285716,8.152437898465172,372,56,138,57,528,137,563,train
564,3179,604,26,279,106,56,37,44,77,7.2080086246727255,8.283103749626381,2.302325581395349,6.973587771446173,240,43,95,35,326,76,564,test
565,3088,580,14,291,91,59,32,38,96,9.527093596059114,8.192908349453996,3.607142857142857,8.17584236453202,263,28,99,18,317,90,565,train
566,3250,603,25,323,97,45,33,46,94,9.660219734660034,9.673873057562805,2.625,7.7658100331674955,290,32,82,41,345,83,566,train
567,1980,345,21,162,64,31,31,35,40,9.205581395348837,10.467255456243755,3.9,7.151887441860465,144,20,78,33,178,51,567,train
568,1999,363,13,188,57,30,22,15,50,8.363085399449037,8.710501217029154,2.909090909090909,7.9347898071625345,165,22,63,21,206,61,568,train
569,3343,664,6,287,129,60,35,32,83,11.644265952699689,9.725611199111238,2.888888888888889,7.90014801427934,262,27,76,31,349,70,569,train
570,1429,281,5,152,57,27,17,14,47,9.343867141162516,9.210782826323648,2.6,6.925744507710558,144,15,39,17,143,29,570,train
571,3961,737,44,286,130,43,45,64,74,7.310948288858737,8.167268648758528,2.2,6.719855416855118,239,45,103,35,395,70,571,test
572,3070,586,22,303,112,44,31,54,75,8.361021742153818,9.142720283898786,2.324324324324324,7.424364466181447,277,37,83,40,343,86,572,test
573,1344,274,0,131,51,22,12,6,43,12.273868613138687,9.3871,3.1,6.666744379562044,121,10,31,12,122,18,573,train
574,3390,665,26,326,111,71,50,37,86,6.557045573598742,7.34059242885,1.7173913043478262,7.039618831849136,286,46,78,25,354,68,574,train
575,2992,598,2,282,98,60,34,25,98,10.638234113712375,8.608573733854374,3.2,7.304972133779264,260,25,78,22,286,63,575,train
576,4199,849,1,342,112,58,60,42,100,9.714970553592464,8.912814788092511,2.45,7.0698489281507655,305,40,94,41,404,78,576,test
577,1962,365,20,204,57,26,42,29,48,6.096746575342466,7.865858978985526,1.59375,6.711345890410959,182,32,50,22,226,44,577,test
578,2151,388,27,235,73,40,19,32,50,8.753785993601138,9.753983421225431,2.4827586206896552,7.596479772484892,202,29,72,39,238,73,578,test
579,4170,829,16,331,104,53,43,53,122,9.399770808202655,8.238735603445708,2.525,6.683446731001206,286,40,98,31,373,71,579,test
580,3402,626,26,285,88,30,60,43,81,7.495451087783358,8.491030156203081,2.4523809523809526,7.0747059029362545,238,42,98,37,356,78,580,test
581,3184,579,26,285,105,44,26,30,69,6.3225091938960984,6.807656815369642,1.7073170731707317,8.302553531724225,243,41,104,17,419,111,581,train
582,4624,850,52,384,191,106,48,52,130,9.0503884572697,9.647358000301196,2.8867924528301887,7.887195227524972,329,53,152,69,498,140,582,train
583,4209,802,21,354,125,63,44,61,88,6.734046240331375,8.118234210410812,1.7627118644067796,7.263965624075405,300,59,103,45,467,104,583,train
584,1143,234,3,138,49,28,7,13,30,11.14615761135585,7.793537801064561,2.3333333333333335,8.226376847772883,137,9,22,6,127,32,584,train
585,2590,491,28,272,103,39,31,34,55,7.720412587872019,8.259297600419972,1.6774193548387097,7.380715071283096,242,31,53,25,278,62,585,train
586,4742,843,60,457,167,74,45,97,120,7.7037239824469586,8.694712214485833,2.542372881355932,8.432498115866178,407,59,152,55,602,158,586,train
587,3726,696,16,324,75,28,54,43,86,8.575243147656941,9.057496981413337,2.871794871794872,7.312143368700266,282,39,110,41,368,96,587,train
588,4828,848,34,435,148,56,32,44,106,5.678779710855183,7.089147864724502,1.844155844155844,8.577130948296986,372,77,180,36,644,181,588,train
589,2609,522,8,260,83,48,25,24,74,8.650171105490255,6.490185161304078,2.3846153846153846,8.073976149382531,254,26,63,9,277,70,589,train
590,2279,420,29,241,82,44,27,32,53,5.948051948051948,7.229369725052465,1.696969696969697,6.861844155844156,203,33,53,17,239,38,590,test
591,4451,834,55,352,157,62,48,44,103,5.712371102287069,7.2200825789825185,1.6538461538461537,7.199095721365469,278,78,129,40,500,114,591,test
592,4451,834,33,397,135,72,58,51,121,10.101130524152108,9.546486929272692,3.0238095238095237,7.972529393627955,359,42,133,53,453,129,592,test
593,2348,457,15,202,48,14,33,20,56,9.708579983876541,5.7502877580894305,2.6842105263157894,7.939138535068525,181,19,51,4,242,70,593,train
594,2621,489,13,262,72,29,39,34,59,5.660865910046238,6.900799576094004,1.7179487179487178,7.428078520386717,236,39,67,17,303,74,594,train
595,3030,588,42,284,81,36,61,24,67,7.233184005309441,8.25429008570747,1.6097560975609757,6.710965837066534,240,41,66,33,344,54,595,train
596,3731,733,40,331,142,50,41,41,95,11.248439978847172,10.738412736547279,3.2903225806451615,7.223656284153005,300,31,102,55,396,77,596,train
597,2286,462,4,212,81,45,46,26,61,6.480770842061165,5.843745405466311,1.096774193548387,6.4263493506493505,190,31,35,7,235,37,597,train
598,4299,846,26,341,115,57,80,57,122,18.243877068557918,11.10651602901591,5.2,8.160939338061466,310,20,101,39,424,98,598,train
599,4490,764,51,408,103,50,71,53,99,8.867668902423356,9.916854025145753,2.6470588235294117,8.683037208644926,363,51,171,70,546,157,599,test
600,4398,850,45,369,115,58,74,52,115,9.892531584839277,7.917944638633934,2.675675675675676,7.68433367983368,314,37,96,26,438,107,600,train
601,3922,752,5,324,120,79,53,35,121,7.7560283687943254,8.59863814320734,2.0833333333333335,7.1222235815602835,280,48,99,44,382,89,601,train
602,1820,331,13,202,71,30,18,26,44,9.530782141658277,10.74609503303851,3.0,7.5062323934206105,190,18,54,32,182,42,602,train
603,2763,513,17,264,100,41,31,26,61,5.909727095516569,7.4610043445117755,1.425,7.566050799220273,240,40,64,23,342,83,603,test
604,4024,746,37,343,163,77,36,54,97,9.08352062061491,9.795417494402004,2.4893617021276597,7.683365940334265,307,47,117,64,446,126,604,train
605,3762,602,16,348,111,43,23,40,50,4.517363080312156,6.309099867127289,1.1690140845070423,11.150030725785662,296,71,177,19,592,207,605,train
606,2993,551,10,232,86,41,48,41,84,8.56626519276247,8.666027191798058,3.393939393939394,7.473653363031403,193,33,109,31,295,94,606,test
607,2108,411,7,222,73,29,28,36,55,7.7433901054339005,8.841846274778883,2.1481481481481484,7.080816626115166,207,27,57,27,227,48,607,train
608,1267,237,5,106,39,14,11,22,34,9.756540084388186,9.2995712137729,2.3333333333333335,7.147829957805907,101,12,28,11,93,25,608,train
609,382,76,0,55,13,6,2,2,10,8.126315789473685,7.168621630094336,2.5,6.864294736842105,54,4,10,2,42,8,609,train
610,2724,494,30,252,83,42,28,35,64,6.5594331983805665,8.623443432112703,2.075,6.838108582995951,212,40,82,37,290,62,610,train
611,1769,325,13,184,69,32,17,24,47,8.001398601398602,9.339509955726097,2.5,7.13855034965035,164,22,56,26,172,42,611,train
612,4004,766,13,302,103,48,75,45,91,21.732149695387296,11.855464076750408,5.733333333333333,9.158375335073977,289,15,116,34,419,110,612,train
613,4508,821,51,355,107,50,57,61,139,10.48347104717385,9.77003265185595,3.5405405405405403,7.314257961615696,287,37,133,49,450,102,613,train
614,3838,698,47,378,117,55,66,61,84,8.485517241379311,9.090341537353329,2.6666666666666665,7.965471379310345,335,45,118,49,463,116,614,train
615,4427,844,27,367,109,60,88,68,92,8.751636724346964,8.133680483312611,2.627906976744186,7.341489683676843,311,43,110,32,468,88,615,train
616,2277,421,30,238,87,41,24,26,71,11.344463296007241,11.30375656770974,3.7142857142857144,8.04390228480941,216,21,75,43,260,76,616,train
617,3531,652,26,326,102,37,48,36,96,5.9251318480249715,6.912458644323711,1.4035087719298245,7.570127392099882,275,57,99,24,461,100,617,test
618,995,206,5,110,31,10,11,13,36,10.5921568627451,5.985473137389441,2.125,8.074780392156864,105,8,15,2,119,21,618,train
619,3806,728,38,340,88,22,71,40,83,6.747740979790499,7.395310329662975,1.75,7.414100211617818,283,52,87,27,491,104,619,train
620,3256,614,60,312,102,34,48,52,69,5.395053685607432,6.857409640812815,1.2962962962962963,7.26074724333454,258,54,68,24,402,80,620,train
621,4562,848,53,403,121,56,65,53,111,6.7622641509433965,7.7569534103296744,1.65625,7.645350943396227,344,64,127,42,539,152,621,train
622,4478,818,34,400,158,80,32,45,130,8.086367085405952,9.176763484411946,2.6724137931034484,7.849209518590338,348,58,153,64,476,130,622,train
623,1946,365,5,181,54,31,14,34,47,5.8014639905549,7.554174236665414,1.6857142857142857,6.760840212514758,157,35,59,19,183,44,623,train
624,2610,490,20,246,95,47,30,39,67,9.227755102040817,8.109356740369918,2.6,8.475598775510203,219,25,70,19,269,79,624,test
625,4300,788,72,407,167,86,44,66,108,8.111898711199855,9.470358648722666,2.3214285714285716,7.343087003085859,339,56,127,69,503,107,625,train
626,3892,705,14,364,166,78,21,42,105,9.297727272727272,9.74432474365693,3.0681818181818183,8.646747727272727,336,44,132,58,386,134,626,train
627,3374,655,23,297,79,39,37,45,90,10.076844783715012,8.936278230431714,2.566666666666667,7.202440966921119,257,30,75,30,336,73,627,train
628,3223,603,20,288,91,42,40,22,86,6.64567564697136,7.459000224883572,1.425531914893617,7.896404046447411,244,47,66,27,370,109,628,train
629,3632,724,6,319,123,69,33,35,79,5.766584111259288,6.221925373845644,1.4655172413793103,6.7637249380834445,282,58,85,17,377,61,629,train
630,4582,845,51,386,110,50,58,65,135,8.978566732412887,9.150863307647796,3.088888888888889,7.4829547008547,319,45,138,49,478,109,630,test
631,4528,845,24,391,133,74,57,60,117,7.894314528559476,8.841846274778883,2.0925925925925926,7.41301688025719,337,54,112,54,476,128,631,train
632,1393,280,10,137,57,21,16,11,29,6.160422561780797,4.9825596385082,1.2105263157894737,6.006091322392002,118,19,24,2,141,16,632,train
633,3362,637,38,301,76,42,41,34,82,6.87819204604919,7.793537801064561,1.9791666666666667,7.21972548403977,261,48,98,30,425,94,633,train
634,4636,844,47,400,150,60,70,36,126,8.05628873496172,8.841846274778883,2.0,7.8277902296755375,345,52,122,52,551,154,634,train
635,2970,551,41,321,105,37,41,37,65,8.339405626134301,8.17850203761792,2.59375,7.413562704174229,289,32,82,25,350,69,635,train
636,4007,734,37,362,123,57,58,66,103,7.800011368804002,9.132015801924927,2.5833333333333335,7.302050659390632,312,48,118,52,429,96,636,train
637,1089,188,12,120,27,9,12,14,24,7.543262411347517,10.504223727775692,3.5,7.269204964539007,112,12,39,19,106,25,637,train
638,4359,837,24,407,150,76,46,70,115,7.39425604264314,7.395310329662975,2.076923076923077,7.358943304843305,352,52,109,29,475,98,638,train
639,3146,625,23,274,97,45,41,35,101,8.102857142857143,7.859703344183488,1.8285714285714285,6.922294285714285,234,35,60,24,310,65,639,train
640,2827,557,12,274,94,42,46,32,80,8.818902282636573,7.70948699238394,2.4285714285714284,6.947745857912285,244,28,68,17,276,56,640,train
641,4363,840,50,398,123,64,49,37,103,5.493484600611708,6.661559191721324,1.3235294117647058,7.695576008250942,328,68,111,27,595,122,641,train
642,2841,550,14,244,92,33,52,39,64,12.003463203463205,9.485657244295059,2.3333333333333335,9.04094761904762,233,21,54,22,293,92,642,train
643,3019,612,9,283,95,49,46,32,77,8.50718954248366,7.928766900206845,1.6764705882352942,6.82555816993464,260,34,54,24,327,62,643,train
644,2344,444,16,212,59,25,39,46,55,6.913349713349714,7.898369717300924,2.0303030303030303,6.935512121212122,183,33,67,23,253,61,644,train
645,3489,540,42,279,151,43,31,58,87,14.736169626875949,14.448306587821328,6.666666666666667,10.465364959383175,240,27,181,106,389,191,645,train
646,1778,349,2,165,43,18,27,27,43,9.357896511039947,8.4952907291091,2.5294117647058822,6.735962261924827,155,17,43,15,157,32,646,test
647,4189,848,27,367,145,65,50,31,111,7.089114658925979,6.490185161304078,1.4807692307692308,7.405986538461539,310,52,76,18,456,90,647,train
648,2400,445,21,247,87,37,27,28,58,6.878226541147889,8.685302888712807,1.972972972972973,7.036209079866383,227,37,70,34,272,53,648,train
649,4320,846,17,370,106,53,71,40,115,8.778379540081668,7.924219607001951,2.3181818181818183,7.59512544594885,324,44,102,30,475,115,649,train
650,3990,799,11,310,110,48,56,46,97,9.612028193136158,8.20500826718156,2.3947368421052633,7.169442810091562,280,38,90,30,432,88,650,train
651,1720,340,2,165,47,29,24,16,38,8.379084967320262,8.998388855275966,2.5,6.895447712418301,150,18,45,19,140,29,651,train
652,3965,751,24,374,130,77,56,56,105,6.7239175352403695,7.873277556716777,1.7758620689655173,7.0120234308278615,324,58,102,40,412,90,652,train
653,4360,848,15,344,89,62,55,43,112,11.106522911051213,9.534367207540994,3.2285714285714286,7.165772520215634,302,35,111,43,420,104,653,train
654,3515,636,19,338,109,44,34,45,83,8.346976294146106,8.617729084823388,3.0,8.02045587808418,308,39,114,31,369,110,654,train
655,4514,845,24,408,132,62,54,62,116,8.294762217839141,8.998388855275966,2.5555555555555554,7.495902586017971,359,54,133,57,468,110,655,train
656,3253,612,20,304,113,55,41,29,76,6.515700180781533,7.842898305834171,1.9148936170212767,7.404234404116257,270,47,88,30,365,74,656,train
657,2963,565,27,300,81,33,50,36,76,9.138236191638695,8.53829466247534,2.8620689655172415,7.2857474824534645,275,29,81,24,319,66,657,test
658,4068,776,34,360,141,78,60,49,115,7.674900063118031,8.025739664096186,1.9387755102040816,7.942195339785399,310,49,98,36,428,140,658,train
659,3707,695,33,330,96,51,63,42,82,6.281254241889507,8.15367032801135,1.679245283018868,6.808771209447537,270,53,90,41,414,88,659,train
660,1648,304,14,184,54,24,17,32,35,8.185263157894736,8.982922981607832,2.4,7.402985789473684,167,20,48,21,165,38,660,train
661,2816,546,22,261,102,46,52,36,60,6.323688543872031,7.2200825789825185,1.4871794871794872,7.3717382968713245,218,39,56,18,322,69,661,train
662,4426,814,61,386,138,76,54,51,118,12.225389025389028,10.89609245642622,4.090909090909091,7.924856101556101,340,33,135,61,478,119,662,train
663,3604,744,5,244,101,71,49,44,105,16.80215053763441,8.515128840125781,3.6666666666666665,7.044912903225807,222,18,63,16,272,35,663,train
664,4137,831,1,288,97,47,66,30,128,11.57714729887291,8.654491914285503,2.774193548387097,7.133246987951807,253,31,85,29,397,82,664,train
665,4430,847,31,369,145,64,57,40,110,10.72387706855792,8.680891452615391,2.9166666666666665,7.6204096926713945,331,36,105,32,450,84,665,train
666,2919,543,22,282,109,50,41,35,51,9.002087170042971,8.626192665926032,2.7037037037037037,9.02496875383671,247,27,71,24,318,114,666,train
667,4376,846,32,393,129,71,42,67,116,8.1603042450406,8.112205042999317,2.108695652173913,7.04972524411553,331,46,95,35,432,96,667,train
668,2857,522,36,270,82,43,35,46,69,9.7559934318555,10.451354775682146,2.642857142857143,7.283599507389162,228,28,74,46,267,73,668,train
669,3729,708,13,319,102,58,55,45,103,10.770903954802261,9.827888789773866,3.25,7.633193785310734,278,32,102,44,369,99,669,train
670,1299,234,5,157,29,14,17,20,31,10.193162393162394,10.864195022040775,4.083333333333333,7.707717094017094,152,12,49,22,134,36,670,train
671,3137,607,17,262,73,27,41,40,76,8.011915045193465,8.358175599149588,2.4054054054054053,6.92146016741618,228,37,86,31,340,74,671,train
672,4023,758,27,343,94,38,59,42,80,7.137079660921799,7.768660622080225,1.7659574468085106,7.3111284848144615,282,47,82,31,465,96,672,train
673,3071,574,20,289,81,41,41,51,70,9.218298302798697,9.454032385205343,3.032258064516129,7.223244947735192,258,31,93,37,302,69,673,test
674,3974,752,15,389,170,76,27,49,122,6.268517850703209,7.4657900992518655,1.9491525423728813,7.670258979444645,361,59,113,34,480,99,674,train
675,3208,560,44,326,104,42,43,44,83,8.222222222222223,8.920646497554287,2.9444444444444446,7.650644841269841,280,36,109,37,351,86,675,train
676,3353,653,31,254,102,42,50,49,78,7.289567848205282,8.25429008570747,2.1951219512195124,6.965444698016659,219,41,91,33,339,68,676,train
677,3223,630,33,314,103,64,48,28,98,9.507936507936508,8.527137837955566,3.142857142857143,6.958087301587302,276,28,88,25,352,59,677,test
678,4597,817,47,412,159,75,54,51,123,9.99265845873233,9.988822585752894,3.7674418604651163,8.447844550843595,367,43,158,59,534,160,678,test
679,4146,741,17,321,124,59,40,19,75,7.223546558704453,7.404127859558344,1.62,8.67599845074224,282,50,129,27,494,163,679,train
680,3966,765,9,364,152,72,51,55,106,7.034942182001005,7.539968504222095,1.7884615384615385,7.957643288084465,325,52,92,28,440,98,680,test
681,2178,380,27,231,73,38,16,28,51,9.214574898785425,10.389873798559362,2.6923076923076925,8.225817813765183,208,26,70,42,234,65,681,train
682,1894,394,6,173,64,47,27,24,52,23.12342277012328,10.290406445055957,5.142857142857143,8.351926250906454,164,7,37,11,181,41,682,train
683,5073,845,14,525,235,88,44,59,123,9.459064012910167,10.396157463775705,3.381818181818182,9.985767132867133,486,55,207,89,631,225,683,train
684,4122,786,43,360,106,56,54,46,98,9.16808905380334,9.157702336890669,2.5454545454545454,7.198942532467533,315,44,111,47,410,94,684,train
685,3721,738,39,326,116,61,52,54,84,17.469656502178108,11.723238792162213,4.684210526315789,7.638653281439691,294,19,89,43,347,76,685,train
686,4601,845,46,398,129,65,61,55,121,10.035201900237531,9.451951473030185,3.45,7.549784275534441,343,40,133,48,503,104,686,train
687,2515,490,13,211,99,20,30,29,59,10.10719836400818,6.2581,2.05,8.368872351738242,192,20,42,6,353,69,687,test
688,2339,448,5,207,79,34,28,26,56,9.358043758043758,8.841846274778883,2.5714285714285716,7.708046074646075,191,21,54,22,242,60,688,train
689,4293,850,40,360,137,74,44,55,122,8.285421994884912,8.716276077567194,2.0217391304347827,6.6707393861892585,308,46,93,42,438,75,689,train
690,998,207,2,110,33,16,21,11,17,27.98647342995169,9.725611199111238,5.333333333333333,9.04218502415459,111,3,16,4,86,11,690,train
691,3184,650,6,298,108,65,43,35,107,9.232634032634031,8.19987849500987,2.121212121212121,7.042700466200466,271,33,68,26,343,65,691,train
692,4212,831,11,356,152,81,45,41,122,9.546581169449558,7.3759095455046575,2.6578947368421053,7.918466656085328,322,38,99,16,473,114,692,train
693,4705,832,48,423,147,57,74,62,113,8.058241758241758,8.942964678507748,2.5892857142857144,8.150108997252747,370,56,149,56,547,145,693,train
694,3520,640,44,335,114,51,46,43,102,11.543981481481481,11.05711978918934,3.7037037037037037,7.600125578703704,300,27,99,52,368,82,694,train
695,1223,235,6,132,38,13,17,12,25,6.6494960806271,8.532816995589336,1.4210526315789473,6.668867301231803,115,19,27,17,130,30,695,train
696,4665,843,10,354,143,67,66,49,108,9.63370857239693,9.759181447463522,2.7346938775510203,7.992467763333091,316,49,129,66,427,123,696,train
697,1528,280,13,175,48,20,40,16,23,7.314285714285714,8.548686976883017,2.05,7.545292857142857,158,20,40,18,190,32,697,train
698,2180,430,14,211,59,28,46,19,52,8.562015503875969,7.793537801064561,2.0833333333333335,7.169073643410853,178,24,48,14,224,49,698,train
699,4131,838,24,361,136,45,58,33,105,7.066678905819718,7.395310329662975,1.3461538461538463,7.6955724802643655,307,52,85,28,482,101,699,train
700,4706,836,35,405,170,75,48,38,121,6.2298012670311556,7.893859768569022,2.1739130434782608,8.415881584656773,342,69,167,47,581,149,700,train
701,1934,373,21,199,44,24,44,33,48,9.246733455622971,8.532816995589336,2.4210526315789473,6.853845618738536,183,19,46,17,205,39,701,train
702,2669,506,9,243,84,33,38,41,62,22.058181818181822,13.662883650711645,6.2,10.171773833992095,236,10,62,34,281,76,702,train
703,4147,772,43,326,141,65,31,50,97,11.795924006908464,9.029198982220553,3.1333333333333333,8.328585768566494,278,30,95,31,397,108,703,train
704,4445,848,25,404,130,63,61,50,105,7.394010232192051,8.548686976883017,1.8166666666666667,6.666970019677292,339,60,108,53,461,98,704,test
705,2164,424,8,178,73,18,29,21,61,7.751271534044299,7.255503002510835,3.0869565217391304,7.194945406070549,159,23,67,11,239,61,705,train
706,2072,405,18,226,57,26,33,21,46,5.191358024691358,5.985473137389441,1.2777777777777777,7.664401234567902,200,36,47,9,254,63,706,test
707,3085,562,40,291,81,39,51,41,82,8.264543922082787,8.6894789155246,2.4210526315789473,7.882068570893426,247,38,93,36,377,90,707,train
708,2647,497,17,250,75,40,39,22,70,8.46483036147922,8.939507131559953,2.6551724137931036,7.40943876361618,224,29,76,30,257,65,708,train
709,3357,647,26,285,109,44,53,50,87,9.192532132470213,8.927757054556999,2.121212121212121,7.589469959658505,248,33,70,34,362,90,709,train
710,4315,842,21,377,153,86,74,47,130,7.981593777653581,8.374686772538922,2.0392156862745097,7.230825704438545,335,51,102,43,482,96,710,train
711,2330,434,15,215,72,24,34,26,70,8.154992319508448,9.188382445141503,3.125,7.262119969278034,201,24,75,27,242,53,711,train
712,1989,394,8,188,61,20,25,26,43,9.466215454032714,8.515128840125781,2.4444444444444446,6.525615284827975,172,18,43,16,204,29,712,train
713,989,192,19,127,35,16,10,14,22,6.735714285714287,7.447530270364452,1.6428571428571428,7.112874404761905,122,14,23,8,124,24,713,train
714,3007,580,15,274,109,60,41,42,84,9.931034482758621,9.130062681391069,2.3448275862068964,6.888103448275862,250,29,68,32,268,62,714,train
715,939,176,3,105,30,16,14,10,17,11.875324675324677,9.606745405546679,3.2857142857142856,7.8442107142857145,101,7,23,9,93,29,715,test
716,4629,849,68,420,147,60,62,60,111,9.26398772838086,8.775028230273154,2.627906976744186,8.168096669131948,369,43,135,42,618,139,716,train
717,3351,623,29,311,86,30,58,51,67,7.528146959158196,8.713453558529999,1.9333333333333333,7.465977381844123,275,45,87,43,408,85,717,test
718,4294,787,30,379,146,68,38,52,125,7.951456262301618,8.613243077465945,2.843137254901961,8.053458975508882,327,51,143,47,468,126,718,train
719,2438,460,17,242,72,28,31,29,69,9.057971014492756,8.472884824447931,2.5416666666666665,7.333253623188406,216,24,62,21,228,58,719,train
720,3007,536,30,294,90,37,57,39,75,6.703283582089553,7.7348632917899725,2.175,8.602147462686567,254,40,86,26,372,109,720,train
721,1491,305,8,153,46,28,28,16,34,18.55563909774436,10.608840637214634,4.428571428571429,8.387596616541353,143,7,33,12,162,38,721,train
722,4657,847,45,424,176,75,51,45,119,10.372619256951946,10.441187326053333,3.25531914893617,8.202881883493681,379,47,154,77,501,157,722,train
