variant_name,essay_set,feature,importance,importance_method
hist_gbdt_all_sets,1,unique_word_count,0.0769099237630608,validation_permutation
hist_gbdt_all_sets,1,long_word_count,0.0006083358030808866,validation_permutation
hist_gbdt_all_sets,1,word_count,0.00016076464173120087,validation_permutation
hist_gbdt_all_sets,1,average_word_length,0.00011584268948076071,validation_permutation
hist_gbdt_all_sets,1,type_token_ratio,7.329580918973289e-05,validation_permutation
hist_gbdt_all_sets,1,paragraph_count,0.0,validation_permutation
hist_gbdt_all_sets,1,digit_count,-0.00043105737838575463,validation_permutation
hist_gbdt_all_sets,1,character_count,-0.00063322512116743,validation_permutation
hist_gbdt_all_sets,1,sentence_count,-0.0006389166101882588,validation_permutation
hist_gbdt_all_sets,1,punctuation_count,-0.0014923010541430582,validation_permutation
hist_gbdt_all_sets,2,unique_word_count,0.0545278835074003,validation_permutation
hist_gbdt_all_sets,2,type_token_ratio,0.0008284238330696469,validation_permutation
hist_gbdt_all_sets,2,average_word_length,3.277275746035868e-05,validation_permutation
hist_gbdt_all_sets,2,paragraph_count,0.0,validation_permutation
hist_gbdt_all_sets,2,sentence_count,-1.758347320727216e-05,validation_permutation
hist_gbdt_all_sets,2,character_count,-3.267805137111002e-05,validation_permutation
hist_gbdt_all_sets,2,word_count,-0.00092850488704182,validation_permutation
hist_gbdt_all_sets,2,digit_count,-0.0010582394574619903,validation_permutation
hist_gbdt_all_sets,2,punctuation_count,-0.002063552707575417,validation_permutation
hist_gbdt_all_sets,2,long_word_count,-0.005029029953157307,validation_permutation
hist_gbdt_all_sets,3,unique_word_count,0.10496430062582533,validation_permutation
hist_gbdt_all_sets,3,punctuation_count,0.0049417116798775255,validation_permutation
hist_gbdt_all_sets,3,character_count,0.0026756391193655305,validation_permutation
hist_gbdt_all_sets,3,average_word_length,0.0009070991244976678,validation_permutation
hist_gbdt_all_sets,3,type_token_ratio,0.00027641688693251786,validation_permutation
hist_gbdt_all_sets,3,digit_count,0.00018486179376198675,validation_permutation
hist_gbdt_all_sets,3,paragraph_count,0.0,validation_permutation
hist_gbdt_all_sets,3,sentence_count,-0.00046822863727780106,validation_permutation
hist_gbdt_all_sets,3,word_count,-0.0007253654755340234,validation_permutation
hist_gbdt_all_sets,3,long_word_count,-0.0007952453545830296,validation_permutation
hist_gbdt_all_sets,4,unique_word_count,0.049150671188536894,validation_permutation
hist_gbdt_all_sets,4,punctuation_count,0.021995337856308007,validation_permutation
hist_gbdt_all_sets,4,character_count,0.017796104735794977,validation_permutation
hist_gbdt_all_sets,4,sentence_count,0.0019395072910368238,validation_permutation
hist_gbdt_all_sets,4,word_count,0.001465775892999044,validation_permutation
hist_gbdt_all_sets,4,average_word_length,0.0005866163018825365,validation_permutation
hist_gbdt_all_sets,4,digit_count,0.00027253474943187973,validation_permutation
hist_gbdt_all_sets,4,paragraph_count,0.0,validation_permutation
hist_gbdt_all_sets,4,type_token_ratio,-0.0008316215284967677,validation_permutation
hist_gbdt_all_sets,4,long_word_count,-0.001051558034359168,validation_permutation
hist_gbdt_all_sets,5,unique_word_count,0.08112849921838061,validation_permutation
hist_gbdt_all_sets,5,punctuation_count,0.01581796392641961,validation_permutation
hist_gbdt_all_sets,5,long_word_count,0.005028423551876169,validation_permutation
hist_gbdt_all_sets,5,character_count,0.0015212516920958096,validation_permutation
hist_gbdt_all_sets,5,digit_count,0.0006758026358094054,validation_permutation
hist_gbdt_all_sets,5,type_token_ratio,0.0002873351378268552,validation_permutation
hist_gbdt_all_sets,5,average_word_length,0.0001829997952716267,validation_permutation
hist_gbdt_all_sets,5,paragraph_count,0.0,validation_permutation
hist_gbdt_all_sets,5,sentence_count,-3.601261737278261e-05,validation_permutation
hist_gbdt_all_sets,5,word_count,-0.0004774788741518321,validation_permutation
hist_gbdt_all_sets,6,unique_word_count,0.04412572608984503,validation_permutation
hist_gbdt_all_sets,6,average_word_length,0.0045027740247235385,validation_permutation
hist_gbdt_all_sets,6,sentence_count,0.0029428761315957843,validation_permutation
hist_gbdt_all_sets,6,long_word_count,0.0021182328762545167,validation_permutation
hist_gbdt_all_sets,6,punctuation_count,0.0017303229978405444,validation_permutation
hist_gbdt_all_sets,6,digit_count,0.0017054998633618923,validation_permutation
hist_gbdt_all_sets,6,type_token_ratio,0.001162010906040023,validation_permutation
hist_gbdt_all_sets,6,character_count,0.0009190380484156435,validation_permutation
hist_gbdt_all_sets,6,paragraph_count,0.0,validation_permutation
hist_gbdt_all_sets,6,word_count,-0.0009384768704136182,validation_permutation
hist_gbdt_all_sets,7,unique_word_count,0.07579671158765504,validation_permutation
hist_gbdt_all_sets,7,long_word_count,0.0029686612344000385,validation_permutation
hist_gbdt_all_sets,7,digit_count,0.0021114775583805923,validation_permutation
hist_gbdt_all_sets,7,type_token_ratio,0.0014068423454792589,validation_permutation
hist_gbdt_all_sets,7,character_count,0.000515399158038754,validation_permutation
hist_gbdt_all_sets,7,average_word_length,2.390086298653671e-05,validation_permutation
hist_gbdt_all_sets,7,sentence_count,5.214228381472674e-06,validation_permutation
hist_gbdt_all_sets,7,paragraph_count,0.0,validation_permutation
hist_gbdt_all_sets,7,punctuation_count,-0.0007034271526066615,validation_permutation
hist_gbdt_all_sets,7,word_count,-0.000855449088676008,validation_permutation
hist_gbdt_all_sets,8,unique_word_count,0.0218826563586421,validation_permutation
hist_gbdt_all_sets,8,type_token_ratio,0.0077319923777236345,validation_permutation
hist_gbdt_all_sets,8,punctuation_count,0.0015459359242357084,validation_permutation
hist_gbdt_all_sets,8,paragraph_count,0.0,validation_permutation
hist_gbdt_all_sets,8,character_count,-0.002543476840834913,validation_permutation
hist_gbdt_all_sets,8,average_word_length,-0.003246875324807841,validation_permutation
hist_gbdt_all_sets,8,word_count,-0.004530017242752904,validation_permutation
hist_gbdt_all_sets,8,long_word_count,-0.0045789092738858506,validation_permutation
hist_gbdt_all_sets,8,sentence_count,-0.005051986366571698,validation_permutation
hist_gbdt_all_sets,8,digit_count,-0.009249034766302677,validation_permutation
sklearn_gbdt_all_sets,1,unique_word_count,0.9212396229443485,native
sklearn_gbdt_all_sets,1,punctuation_count,0.03971638549156479,native
sklearn_gbdt_all_sets,1,digit_count,0.017943759933550123,native
sklearn_gbdt_all_sets,1,long_word_count,0.009662262699009062,native
sklearn_gbdt_all_sets,1,type_token_ratio,0.0053018249088535585,native
sklearn_gbdt_all_sets,1,average_word_length,0.0034684114436095274,native
sklearn_gbdt_all_sets,1,word_count,0.0011346980450350707,native
sklearn_gbdt_all_sets,1,character_count,0.0007837973713017272,native
sklearn_gbdt_all_sets,1,sentence_count,0.0007492371627277574,native
sklearn_gbdt_all_sets,1,paragraph_count,0.0,native
sklearn_gbdt_all_sets,2,unique_word_count,0.9211017082651627,native
sklearn_gbdt_all_sets,2,long_word_count,0.05457870972680284,native
sklearn_gbdt_all_sets,2,punctuation_count,0.01113869234383891,native
sklearn_gbdt_all_sets,2,digit_count,0.008312647922132328,native
sklearn_gbdt_all_sets,2,type_token_ratio,0.0022391284215550395,native
sklearn_gbdt_all_sets,2,average_word_length,0.002150214892039539,native
sklearn_gbdt_all_sets,2,character_count,0.00017677466724642859,native
sklearn_gbdt_all_sets,2,sentence_count,0.00017387995050835992,native
sklearn_gbdt_all_sets,2,word_count,0.0001282438107139418,native
sklearn_gbdt_all_sets,2,paragraph_count,0.0,native
sklearn_gbdt_all_sets,3,unique_word_count,0.9168893127497362,native
sklearn_gbdt_all_sets,3,punctuation_count,0.05252131413010309,native
sklearn_gbdt_all_sets,3,type_token_ratio,0.012565131453509138,native
sklearn_gbdt_all_sets,3,word_count,0.006902117443539985,native
sklearn_gbdt_all_sets,3,average_word_length,0.0046349095038497445,native
sklearn_gbdt_all_sets,3,long_word_count,0.004331940049172481,native
sklearn_gbdt_all_sets,3,digit_count,0.001981662476169641,native
sklearn_gbdt_all_sets,3,character_count,0.00017361219391979699,native
sklearn_gbdt_all_sets,3,sentence_count,0.0,native
sklearn_gbdt_all_sets,3,paragraph_count,0.0,native
sklearn_gbdt_all_sets,4,unique_word_count,0.6002626997551634,native
sklearn_gbdt_all_sets,4,punctuation_count,0.24111941900531025,native
sklearn_gbdt_all_sets,4,character_count,0.11679517927380316,native
sklearn_gbdt_all_sets,4,sentence_count,0.020145748500156296,native
sklearn_gbdt_all_sets,4,average_word_length,0.015309286502774988,native
sklearn_gbdt_all_sets,4,type_token_ratio,0.0041181493046892744,native
sklearn_gbdt_all_sets,4,long_word_count,0.0018103078621661086,native
sklearn_gbdt_all_sets,4,word_count,0.0004345996458467536,native
sklearn_gbdt_all_sets,4,digit_count,4.610150089760222e-06,native
sklearn_gbdt_all_sets,4,paragraph_count,0.0,native
sklearn_gbdt_all_sets,5,unique_word_count,0.8028701107907686,native
sklearn_gbdt_all_sets,5,punctuation_count,0.1346828511130785,native
sklearn_gbdt_all_sets,5,long_word_count,0.041928087603483835,native
sklearn_gbdt_all_sets,5,average_word_length,0.006221611439295572,native
sklearn_gbdt_all_sets,5,character_count,0.005212334149407586,native
sklearn_gbdt_all_sets,5,type_token_ratio,0.0049121932254057405,native
sklearn_gbdt_all_sets,5,digit_count,0.0021477693996357922,native
sklearn_gbdt_all_sets,5,word_count,0.0011364290554877296,native
sklearn_gbdt_all_sets,5,sentence_count,0.0008886132234364996,native
sklearn_gbdt_all_sets,5,paragraph_count,0.0,native
sklearn_gbdt_all_sets,6,unique_word_count,0.7395567572454045,native
sklearn_gbdt_all_sets,6,type_token_ratio,0.07107257670170063,native
sklearn_gbdt_all_sets,6,average_word_length,0.06752200994936756,native
sklearn_gbdt_all_sets,6,sentence_count,0.06135550446726822,native
sklearn_gbdt_all_sets,6,long_word_count,0.03257417504181679,native
sklearn_gbdt_all_sets,6,digit_count,0.018676047001060802,native
sklearn_gbdt_all_sets,6,word_count,0.004018595992155678,native
sklearn_gbdt_all_sets,6,punctuation_count,0.0032371797393084063,native
sklearn_gbdt_all_sets,6,character_count,0.001987153861917325,native
sklearn_gbdt_all_sets,6,paragraph_count,0.0,native
sklearn_gbdt_all_sets,7,unique_word_count,0.8520465621186877,native
sklearn_gbdt_all_sets,7,word_count,0.05902129730556945,native
sklearn_gbdt_all_sets,7,digit_count,0.04088726205320187,native
sklearn_gbdt_all_sets,7,character_count,0.02332111522394266,native
sklearn_gbdt_all_sets,7,punctuation_count,0.013284785063608652,native
sklearn_gbdt_all_sets,7,average_word_length,0.007405833369548652,native
sklearn_gbdt_all_sets,7,long_word_count,0.0027119265303077577,native
sklearn_gbdt_all_sets,7,sentence_count,0.0008247677274899444,native
sklearn_gbdt_all_sets,7,type_token_ratio,0.0004964506076433613,native
sklearn_gbdt_all_sets,7,paragraph_count,0.0,native
sklearn_gbdt_all_sets,8,unique_word_count,0.6591604115908788,native
sklearn_gbdt_all_sets,8,digit_count,0.1923311415793648,native
sklearn_gbdt_all_sets,8,average_word_length,0.05911042305988736,native
sklearn_gbdt_all_sets,8,word_count,0.043827467725538576,native
sklearn_gbdt_all_sets,8,punctuation_count,0.01787761967595416,native
sklearn_gbdt_all_sets,8,sentence_count,0.014245574700032241,native
sklearn_gbdt_all_sets,8,type_token_ratio,0.012347430857422842,native
sklearn_gbdt_all_sets,8,long_word_count,0.0010999308109212894,native
sklearn_gbdt_all_sets,8,character_count,0.0,native
sklearn_gbdt_all_sets,8,paragraph_count,0.0,native
