variant_name,split,essay_set,n,qwk,mae,pearson,baseline_qwk,baseline_mae,baseline_pearson,delta_qwk_vs_baseline,delta_mae_vs_baseline,delta_pearson_vs_baseline
gbdt_selected_qwk_only,test,1,357,0.7472509437058921,0.8822949351849506,0.8039063914264274,0.727891156462585,0.8928750001717664,0.7927641252887991,0.019359787243307114,-0.01058006498681574,0.011142266137628254
gbdt_selected_balanced,test,1,357,0.7472509437058921,0.8822949351849506,0.8039063914264274,0.727891156462585,0.8928750001717664,0.7927641252887991,0.019359787243307114,-0.01058006498681574,0.011142266137628254
gbdt_selected_conservative,test,1,357,0.7472509437058921,0.8822949351849506,0.8039063914264274,0.727891156462585,0.8928750001717664,0.7927641252887991,0.019359787243307114,-0.01058006498681574,0.011142266137628254
gbdt_manual_safe_group,test,1,357,0.7472509437058921,0.8822949351849506,0.8039063914264274,0.727891156462585,0.8928750001717664,0.7927641252887991,0.019359787243307114,-0.01058006498681574,0.011142266137628254
gbdt_selected_balanced_plus_shrinked_calibration,test,1,357,0.7472509437058921,0.8822949351849506,0.8039063914264274,0.727891156462585,0.8928750001717664,0.7927641252887991,0.019359787243307114,-0.01058006498681574,0.011142266137628254
gbdt_manual_safe_group_plus_recommended_calibration,test,1,357,0.7472509437058921,0.8822949351849506,0.8039063914264274,0.727891156462585,0.8928750001717664,0.7927641252887991,0.019359787243307114,-0.01058006498681574,0.011142266137628254
val_selected_per_essay_set_model,test,1,357,0.7472509437058921,0.8822949351849506,0.8039063914264274,0.727891156462585,0.8928750001717664,0.7927641252887991,0.019359787243307114,-0.01058006498681574,0.011142266137628254
baseline_positive_linear,test,1,357,0.727891156462585,0.8928750001717664,0.7927641252887991,0.727891156462585,0.8928750001717664,0.7927641252887991,0.0,0.0,0.0
set6_gbdt_only,test,1,357,0.727891156462585,0.8928750001717664,0.7927641252887991,0.727891156462585,0.8928750001717664,0.7927641252887991,0.0,0.0,0.0
set6_gbdt_plus_shrinked_calibration,test,1,357,0.727891156462585,0.8928750001717664,0.7927641252887991,0.727891156462585,0.8928750001717664,0.7927641252887991,0.0,0.0,0.0
set6_gbdt_set8_baseline_or_calibration,test,1,357,0.727891156462585,0.8928750001717664,0.7927641252887991,0.727891156462585,0.8928750001717664,0.7927641252887991,0.0,0.0,0.0
val_selected_per_essay_set_model,test,2,360,0.5572873486983917,0.6070192147496186,0.6907435093826055,0.5538285203097482,0.6109214247390079,0.6803321382806906,0.003458828388643531,-0.0039022099893892825,0.010411371101914924
baseline_positive_linear,test,2,360,0.5538285203097482,0.6109214247390079,0.6803321382806906,0.5538285203097482,0.6109214247390079,0.6803321382806906,0.0,0.0,0.0
gbdt_selected_qwk_only,test,2,360,0.5538285203097482,0.6109214247390079,0.6803321382806906,0.5538285203097482,0.6109214247390079,0.6803321382806906,0.0,0.0,0.0
gbdt_selected_balanced,test,2,360,0.5538285203097482,0.6109214247390079,0.6803321382806906,0.5538285203097482,0.6109214247390079,0.6803321382806906,0.0,0.0,0.0
gbdt_selected_conservative,test,2,360,0.5538285203097482,0.6109214247390079,0.6803321382806906,0.5538285203097482,0.6109214247390079,0.6803321382806906,0.0,0.0,0.0
gbdt_manual_safe_group,test,2,360,0.5538285203097482,0.6109214247390079,0.6803321382806906,0.5538285203097482,0.6109214247390079,0.6803321382806906,0.0,0.0,0.0
set6_gbdt_only,test,2,360,0.5538285203097482,0.6109214247390079,0.6803321382806906,0.5538285203097482,0.6109214247390079,0.6803321382806906,0.0,0.0,0.0
gbdt_selected_balanced_plus_shrinked_calibration,test,2,360,0.5538285203097482,0.6109214247390079,0.6803321382806906,0.5538285203097482,0.6109214247390079,0.6803321382806906,0.0,0.0,0.0
set6_gbdt_plus_shrinked_calibration,test,2,360,0.5538285203097482,0.6109214247390079,0.6803321382806906,0.5538285203097482,0.6109214247390079,0.6803321382806906,0.0,0.0,0.0
gbdt_manual_safe_group_plus_recommended_calibration,test,2,360,0.5538285203097482,0.6109214247390079,0.6803321382806906,0.5538285203097482,0.6109214247390079,0.6803321382806906,0.0,0.0,0.0
set6_gbdt_set8_baseline_or_calibration,test,2,360,0.5538285203097482,0.6109214247390079,0.6803321382806906,0.5538285203097482,0.6109214247390079,0.6803321382806906,0.0,0.0,0.0
baseline_positive_linear,test,3,346,0.5500433484250074,0.48707097263171,0.6613274359583802,0.5500433484250074,0.48707097263171,0.6613274359583802,0.0,0.0,0.0
gbdt_selected_qwk_only,test,3,346,0.5500433484250074,0.48707097263171,0.6613274359583802,0.5500433484250074,0.48707097263171,0.6613274359583802,0.0,0.0,0.0
gbdt_selected_balanced,test,3,346,0.5500433484250074,0.48707097263171,0.6613274359583802,0.5500433484250074,0.48707097263171,0.6613274359583802,0.0,0.0,0.0
gbdt_selected_conservative,test,3,346,0.5500433484250074,0.48707097263171,0.6613274359583802,0.5500433484250074,0.48707097263171,0.6613274359583802,0.0,0.0,0.0
gbdt_manual_safe_group,test,3,346,0.5500433484250074,0.48707097263171,0.6613274359583802,0.5500433484250074,0.48707097263171,0.6613274359583802,0.0,0.0,0.0
set6_gbdt_only,test,3,346,0.5500433484250074,0.48707097263171,0.6613274359583802,0.5500433484250074,0.48707097263171,0.6613274359583802,0.0,0.0,0.0
gbdt_selected_balanced_plus_shrinked_calibration,test,3,346,0.5500433484250074,0.48707097263171,0.6613274359583802,0.5500433484250074,0.48707097263171,0.6613274359583802,0.0,0.0,0.0
set6_gbdt_plus_shrinked_calibration,test,3,346,0.5500433484250074,0.48707097263171,0.6613274359583802,0.5500433484250074,0.48707097263171,0.6613274359583802,0.0,0.0,0.0
gbdt_manual_safe_group_plus_recommended_calibration,test,3,346,0.5500433484250074,0.48707097263171,0.6613274359583802,0.5500433484250074,0.48707097263171,0.6613274359583802,0.0,0.0,0.0
set6_gbdt_set8_baseline_or_calibration,test,3,346,0.5500433484250074,0.48707097263171,0.6613274359583802,0.5500433484250074,0.48707097263171,0.6613274359583802,0.0,0.0,0.0
val_selected_per_essay_set_model,test,3,346,0.5500433484250074,0.48707097263171,0.6613274359583802,0.5500433484250074,0.48707097263171,0.6613274359583802,0.0,0.0,0.0
baseline_positive_linear,test,4,354,0.512334498329039,0.554602298712533,0.7486911172063987,0.512334498329039,0.554602298712533,0.7486911172063987,0.0,0.0,0.0
gbdt_selected_qwk_only,test,4,354,0.512334498329039,0.554602298712533,0.7486911172063987,0.512334498329039,0.554602298712533,0.7486911172063987,0.0,0.0,0.0
gbdt_selected_balanced,test,4,354,0.512334498329039,0.554602298712533,0.7486911172063987,0.512334498329039,0.554602298712533,0.7486911172063987,0.0,0.0,0.0
gbdt_selected_conservative,test,4,354,0.512334498329039,0.554602298712533,0.7486911172063987,0.512334498329039,0.554602298712533,0.7486911172063987,0.0,0.0,0.0
gbdt_manual_safe_group,test,4,354,0.512334498329039,0.554602298712533,0.7486911172063987,0.512334498329039,0.554602298712533,0.7486911172063987,0.0,0.0,0.0
set6_gbdt_only,test,4,354,0.512334498329039,0.554602298712533,0.7486911172063987,0.512334498329039,0.554602298712533,0.7486911172063987,0.0,0.0,0.0
gbdt_selected_balanced_plus_shrinked_calibration,test,4,354,0.512334498329039,0.554602298712533,0.7486911172063987,0.512334498329039,0.554602298712533,0.7486911172063987,0.0,0.0,0.0
set6_gbdt_plus_shrinked_calibration,test,4,354,0.512334498329039,0.554602298712533,0.7486911172063987,0.512334498329039,0.554602298712533,0.7486911172063987,0.0,0.0,0.0
gbdt_manual_safe_group_plus_recommended_calibration,test,4,354,0.512334498329039,0.554602298712533,0.7486911172063987,0.512334498329039,0.554602298712533,0.7486911172063987,0.0,0.0,0.0
set6_gbdt_set8_baseline_or_calibration,test,4,354,0.512334498329039,0.554602298712533,0.7486911172063987,0.512334498329039,0.554602298712533,0.7486911172063987,0.0,0.0,0.0
val_selected_per_essay_set_model,test,4,354,0.512334498329039,0.554602298712533,0.7486911172063987,0.512334498329039,0.554602298712533,0.7486911172063987,0.0,0.0,0.0
baseline_positive_linear,test,5,361,0.7333262980160405,0.4685903787739081,0.8104524105071425,0.7333262980160405,0.4685903787739081,0.8104524105071425,0.0,0.0,0.0
gbdt_selected_qwk_only,test,5,361,0.7333262980160405,0.4685903787739081,0.8104524105071425,0.7333262980160405,0.4685903787739081,0.8104524105071425,0.0,0.0,0.0
gbdt_selected_balanced,test,5,361,0.7333262980160405,0.4685903787739081,0.8104524105071425,0.7333262980160405,0.4685903787739081,0.8104524105071425,0.0,0.0,0.0
gbdt_selected_conservative,test,5,361,0.7333262980160405,0.4685903787739081,0.8104524105071425,0.7333262980160405,0.4685903787739081,0.8104524105071425,0.0,0.0,0.0
gbdt_manual_safe_group,test,5,361,0.7333262980160405,0.4685903787739081,0.8104524105071425,0.7333262980160405,0.4685903787739081,0.8104524105071425,0.0,0.0,0.0
set6_gbdt_only,test,5,361,0.7333262980160405,0.4685903787739081,0.8104524105071425,0.7333262980160405,0.4685903787739081,0.8104524105071425,0.0,0.0,0.0
gbdt_selected_balanced_plus_shrinked_calibration,test,5,361,0.7333262980160405,0.4685903787739081,0.8104524105071425,0.7333262980160405,0.4685903787739081,0.8104524105071425,0.0,0.0,0.0
set6_gbdt_plus_shrinked_calibration,test,5,361,0.7333262980160405,0.4685903787739081,0.8104524105071425,0.7333262980160405,0.4685903787739081,0.8104524105071425,0.0,0.0,0.0
gbdt_manual_safe_group_plus_recommended_calibration,test,5,361,0.7333262980160405,0.4685903787739081,0.8104524105071425,0.7333262980160405,0.4685903787739081,0.8104524105071425,0.0,0.0,0.0
set6_gbdt_set8_baseline_or_calibration,test,5,361,0.7333262980160405,0.4685903787739081,0.8104524105071425,0.7333262980160405,0.4685903787739081,0.8104524105071425,0.0,0.0,0.0
val_selected_per_essay_set_model,test,5,361,0.7333262980160405,0.4685903787739081,0.8104524105071425,0.7333262980160405,0.4685903787739081,0.8104524105071425,0.0,0.0,0.0
set6_gbdt_plus_shrinked_calibration,test,6,360,0.44067929662968397,0.9288277148332832,0.7070003466663469,0.368237446289547,1.0044676055202213,0.675474962189332,0.07244185034013695,-0.0756398906869381,0.03152538447701492
gbdt_manual_safe_group_plus_recommended_calibration,test,6,360,0.44067929662968397,0.9288277148332832,0.7070003466663469,0.368237446289547,1.0044676055202213,0.675474962189332,0.07244185034013695,-0.0756398906869381,0.03152538447701492
gbdt_manual_safe_group,test,6,360,0.3748258045151469,0.9719670617694286,0.711425503224003,0.368237446289547,1.0044676055202213,0.675474962189332,0.0065883582255998885,-0.0325005437507927,0.03595054103467099
set6_gbdt_only,test,6,360,0.3748258045151469,0.9719670617694286,0.711425503224003,0.368237446289547,1.0044676055202213,0.675474962189332,0.0065883582255998885,-0.0325005437507927,0.03595054103467099
set6_gbdt_set8_baseline_or_calibration,test,6,360,0.3748258045151469,0.9719670617694286,0.711425503224003,0.368237446289547,1.0044676055202213,0.675474962189332,0.0065883582255998885,-0.0325005437507927,0.03595054103467099
baseline_positive_linear,test,6,360,0.368237446289547,1.0044676055202213,0.675474962189332,0.368237446289547,1.0044676055202213,0.675474962189332,0.0,0.0,0.0
gbdt_selected_qwk_only,test,6,360,0.368237446289547,1.0044676055202213,0.675474962189332,0.368237446289547,1.0044676055202213,0.675474962189332,0.0,0.0,0.0
gbdt_selected_balanced,test,6,360,0.368237446289547,1.0044676055202213,0.675474962189332,0.368237446289547,1.0044676055202213,0.675474962189332,0.0,0.0,0.0
gbdt_selected_conservative,test,6,360,0.368237446289547,1.0044676055202213,0.675474962189332,0.368237446289547,1.0044676055202213,0.675474962189332,0.0,0.0,0.0
gbdt_selected_balanced_plus_shrinked_calibration,test,6,360,0.368237446289547,1.0044676055202213,0.675474962189332,0.368237446289547,1.0044676055202213,0.675474962189332,0.0,0.0,0.0
val_selected_per_essay_set_model,test,6,360,0.3642836078695707,0.9907757316165801,0.6933684948931511,0.368237446289547,1.0044676055202213,0.675474962189332,-0.003953838419976319,-0.013691873903641238,0.017893532703819104
gbdt_selected_qwk_only,test,7,314,0.6990107989686268,2.9573671291075674,0.7515619598624531,0.6916266373131725,2.9101789538552576,0.743273364796548,0.007384161655454302,0.04718817525230978,0.008288595065905069
gbdt_selected_balanced,test,7,314,0.6990107989686268,2.9573671291075674,0.7515619598624531,0.6916266373131725,2.9101789538552576,0.743273364796548,0.007384161655454302,0.04718817525230978,0.008288595065905069
gbdt_selected_conservative,test,7,314,0.6990107989686268,2.9573671291075674,0.7515619598624531,0.6916266373131725,2.9101789538552576,0.743273364796548,0.007384161655454302,0.04718817525230978,0.008288595065905069
gbdt_manual_safe_group,test,7,314,0.6990107989686268,2.9573671291075674,0.7515619598624531,0.6916266373131725,2.9101789538552576,0.743273364796548,0.007384161655454302,0.04718817525230978,0.008288595065905069
gbdt_selected_balanced_plus_shrinked_calibration,test,7,314,0.6990107989686268,2.9573671291075674,0.7515619598624531,0.6916266373131725,2.9101789538552576,0.743273364796548,0.007384161655454302,0.04718817525230978,0.008288595065905069
gbdt_manual_safe_group_plus_recommended_calibration,test,7,314,0.6990107989686268,2.9573671291075674,0.7515619598624531,0.6916266373131725,2.9101789538552576,0.743273364796548,0.007384161655454302,0.04718817525230978,0.008288595065905069
val_selected_per_essay_set_model,test,7,314,0.6990107989686268,2.9573671291075674,0.7515619598624531,0.6916266373131725,2.9101789538552576,0.743273364796548,0.007384161655454302,0.04718817525230978,0.008288595065905069
baseline_positive_linear,test,7,314,0.6916266373131725,2.9101789538552576,0.743273364796548,0.6916266373131725,2.9101789538552576,0.743273364796548,0.0,0.0,0.0
set6_gbdt_only,test,7,314,0.6916266373131725,2.9101789538552576,0.743273364796548,0.6916266373131725,2.9101789538552576,0.743273364796548,0.0,0.0,0.0
set6_gbdt_plus_shrinked_calibration,test,7,314,0.6916266373131725,2.9101789538552576,0.743273364796548,0.6916266373131725,2.9101789538552576,0.743273364796548,0.0,0.0,0.0
set6_gbdt_set8_baseline_or_calibration,test,7,314,0.6916266373131725,2.9101789538552576,0.743273364796548,0.6916266373131725,2.9101789538552576,0.743273364796548,0.0,0.0,0.0
baseline_positive_linear,test,8,145,0.4139034236570367,6.069897399516125,0.5506495321462084,0.4139034236570367,6.069897399516125,0.5506495321462084,0.0,0.0,0.0
gbdt_selected_qwk_only,test,8,145,0.4139034236570367,6.069897399516125,0.5506495321462084,0.4139034236570367,6.069897399516125,0.5506495321462084,0.0,0.0,0.0
gbdt_selected_balanced,test,8,145,0.4139034236570367,6.069897399516125,0.5506495321462084,0.4139034236570367,6.069897399516125,0.5506495321462084,0.0,0.0,0.0
gbdt_selected_conservative,test,8,145,0.4139034236570367,6.069897399516125,0.5506495321462084,0.4139034236570367,6.069897399516125,0.5506495321462084,0.0,0.0,0.0
gbdt_manual_safe_group,test,8,145,0.4139034236570367,6.069897399516125,0.5506495321462084,0.4139034236570367,6.069897399516125,0.5506495321462084,0.0,0.0,0.0
set6_gbdt_only,test,8,145,0.4139034236570367,6.069897399516125,0.5506495321462084,0.4139034236570367,6.069897399516125,0.5506495321462084,0.0,0.0,0.0
gbdt_selected_balanced_plus_shrinked_calibration,test,8,145,0.4139034236570367,6.069897399516125,0.5506495321462084,0.4139034236570367,6.069897399516125,0.5506495321462084,0.0,0.0,0.0
set6_gbdt_plus_shrinked_calibration,test,8,145,0.4139034236570367,6.069897399516125,0.5506495321462084,0.4139034236570367,6.069897399516125,0.5506495321462084,0.0,0.0,0.0
gbdt_manual_safe_group_plus_recommended_calibration,test,8,145,0.4139034236570367,6.069897399516125,0.5506495321462084,0.4139034236570367,6.069897399516125,0.5506495321462084,0.0,0.0,0.0
set6_gbdt_set8_baseline_or_calibration,test,8,145,0.4139034236570367,6.069897399516125,0.5506495321462084,0.4139034236570367,6.069897399516125,0.5506495321462084,0.0,0.0,0.0
val_selected_per_essay_set_model,test,8,145,0.4139034236570367,6.069897399516125,0.5506495321462084,0.4139034236570367,6.069897399516125,0.5506495321462084,0.0,0.0,0.0
gbdt_selected_qwk_only,val,1,357,0.8104856037816931,0.8101961601278166,0.8489736366997455,0.7983923823656711,0.8339458633256127,0.8448104129290456,0.012093221416021982,-0.023749703197796124,0.0041632237706998865
gbdt_selected_balanced,val,1,357,0.8104856037816931,0.8101961601278166,0.8489736366997455,0.7983923823656711,0.8339458633256127,0.8448104129290456,0.012093221416021982,-0.023749703197796124,0.0041632237706998865
gbdt_selected_conservative,val,1,357,0.8104856037816931,0.8101961601278166,0.8489736366997455,0.7983923823656711,0.8339458633256127,0.8448104129290456,0.012093221416021982,-0.023749703197796124,0.0041632237706998865
gbdt_manual_safe_group,val,1,357,0.8104856037816931,0.8101961601278166,0.8489736366997455,0.7983923823656711,0.8339458633256127,0.8448104129290456,0.012093221416021982,-0.023749703197796124,0.0041632237706998865
gbdt_selected_balanced_plus_shrinked_calibration,val,1,357,0.8104856037816931,0.8101961601278166,0.8489736366997455,0.7983923823656711,0.8339458633256127,0.8448104129290456,0.012093221416021982,-0.023749703197796124,0.0041632237706998865
gbdt_manual_safe_group_plus_recommended_calibration,val,1,357,0.8104856037816931,0.8101961601278166,0.8489736366997455,0.7983923823656711,0.8339458633256127,0.8448104129290456,0.012093221416021982,-0.023749703197796124,0.0041632237706998865
val_selected_per_essay_set_model,val,1,357,0.8104856037816931,0.8101961601278166,0.8489736366997455,0.7983923823656711,0.8339458633256127,0.8448104129290456,0.012093221416021982,-0.023749703197796124,0.0041632237706998865
baseline_positive_linear,val,1,357,0.7983923823656711,0.8339458633256127,0.8448104129290456,0.7983923823656711,0.8339458633256127,0.8448104129290456,0.0,0.0,0.0
set6_gbdt_only,val,1,357,0.7983923823656711,0.8339458633256127,0.8448104129290456,0.7983923823656711,0.8339458633256127,0.8448104129290456,0.0,0.0,0.0
set6_gbdt_plus_shrinked_calibration,val,1,357,0.7983923823656711,0.8339458633256127,0.8448104129290456,0.7983923823656711,0.8339458633256127,0.8448104129290456,0.0,0.0,0.0
set6_gbdt_set8_baseline_or_calibration,val,1,357,0.7983923823656711,0.8339458633256127,0.8448104129290456,0.7983923823656711,0.8339458633256127,0.8448104129290456,0.0,0.0,0.0
val_selected_per_essay_set_model,val,2,360,0.6184605131622793,0.5909943120621901,0.7258254763360842,0.6041246034035188,0.5953109174284852,0.7177787655900885,0.014335909758760534,-0.004316605366295079,0.008046710745995722
baseline_positive_linear,val,2,360,0.6041246034035188,0.5953109174284852,0.7177787655900885,0.6041246034035188,0.5953109174284852,0.7177787655900885,0.0,0.0,0.0
gbdt_selected_qwk_only,val,2,360,0.6041246034035188,0.5953109174284852,0.7177787655900885,0.6041246034035188,0.5953109174284852,0.7177787655900885,0.0,0.0,0.0
gbdt_selected_balanced,val,2,360,0.6041246034035188,0.5953109174284852,0.7177787655900885,0.6041246034035188,0.5953109174284852,0.7177787655900885,0.0,0.0,0.0
gbdt_selected_conservative,val,2,360,0.6041246034035188,0.5953109174284852,0.7177787655900885,0.6041246034035188,0.5953109174284852,0.7177787655900885,0.0,0.0,0.0
gbdt_manual_safe_group,val,2,360,0.6041246034035188,0.5953109174284852,0.7177787655900885,0.6041246034035188,0.5953109174284852,0.7177787655900885,0.0,0.0,0.0
set6_gbdt_only,val,2,360,0.6041246034035188,0.5953109174284852,0.7177787655900885,0.6041246034035188,0.5953109174284852,0.7177787655900885,0.0,0.0,0.0
gbdt_selected_balanced_plus_shrinked_calibration,val,2,360,0.6041246034035188,0.5953109174284852,0.7177787655900885,0.6041246034035188,0.5953109174284852,0.7177787655900885,0.0,0.0,0.0
set6_gbdt_plus_shrinked_calibration,val,2,360,0.6041246034035188,0.5953109174284852,0.7177787655900885,0.6041246034035188,0.5953109174284852,0.7177787655900885,0.0,0.0,0.0
gbdt_manual_safe_group_plus_recommended_calibration,val,2,360,0.6041246034035188,0.5953109174284852,0.7177787655900885,0.6041246034035188,0.5953109174284852,0.7177787655900885,0.0,0.0,0.0
set6_gbdt_set8_baseline_or_calibration,val,2,360,0.6041246034035188,0.5953109174284852,0.7177787655900885,0.6041246034035188,0.5953109174284852,0.7177787655900885,0.0,0.0,0.0
baseline_positive_linear,val,3,345,0.6320787763203985,0.4692194069208576,0.7111554184315203,0.6320787763203985,0.4692194069208576,0.7111554184315203,0.0,0.0,0.0
gbdt_selected_qwk_only,val,3,345,0.6320787763203985,0.4692194069208576,0.7111554184315203,0.6320787763203985,0.4692194069208576,0.7111554184315203,0.0,0.0,0.0
gbdt_selected_balanced,val,3,345,0.6320787763203985,0.4692194069208576,0.7111554184315203,0.6320787763203985,0.4692194069208576,0.7111554184315203,0.0,0.0,0.0
gbdt_selected_conservative,val,3,345,0.6320787763203985,0.4692194069208576,0.7111554184315203,0.6320787763203985,0.4692194069208576,0.7111554184315203,0.0,0.0,0.0
gbdt_manual_safe_group,val,3,345,0.6320787763203985,0.4692194069208576,0.7111554184315203,0.6320787763203985,0.4692194069208576,0.7111554184315203,0.0,0.0,0.0
set6_gbdt_only,val,3,345,0.6320787763203985,0.4692194069208576,0.7111554184315203,0.6320787763203985,0.4692194069208576,0.7111554184315203,0.0,0.0,0.0
gbdt_selected_balanced_plus_shrinked_calibration,val,3,345,0.6320787763203985,0.4692194069208576,0.7111554184315203,0.6320787763203985,0.4692194069208576,0.7111554184315203,0.0,0.0,0.0
set6_gbdt_plus_shrinked_calibration,val,3,345,0.6320787763203985,0.4692194069208576,0.7111554184315203,0.6320787763203985,0.4692194069208576,0.7111554184315203,0.0,0.0,0.0
gbdt_manual_safe_group_plus_recommended_calibration,val,3,345,0.6320787763203985,0.4692194069208576,0.7111554184315203,0.6320787763203985,0.4692194069208576,0.7111554184315203,0.0,0.0,0.0
set6_gbdt_set8_baseline_or_calibration,val,3,345,0.6320787763203985,0.4692194069208576,0.7111554184315203,0.6320787763203985,0.4692194069208576,0.7111554184315203,0.0,0.0,0.0
val_selected_per_essay_set_model,val,3,345,0.6320787763203985,0.4692194069208576,0.7111554184315203,0.6320787763203985,0.4692194069208576,0.7111554184315203,0.0,0.0,0.0
baseline_positive_linear,val,4,354,0.5540093951403573,0.5690471945436656,0.7045375096486235,0.5540093951403573,0.5690471945436656,0.7045375096486235,0.0,0.0,0.0
gbdt_selected_qwk_only,val,4,354,0.5540093951403573,0.5690471945436656,0.7045375096486235,0.5540093951403573,0.5690471945436656,0.7045375096486235,0.0,0.0,0.0
gbdt_selected_balanced,val,4,354,0.5540093951403573,0.5690471945436656,0.7045375096486235,0.5540093951403573,0.5690471945436656,0.7045375096486235,0.0,0.0,0.0
gbdt_selected_conservative,val,4,354,0.5540093951403573,0.5690471945436656,0.7045375096486235,0.5540093951403573,0.5690471945436656,0.7045375096486235,0.0,0.0,0.0
gbdt_manual_safe_group,val,4,354,0.5540093951403573,0.5690471945436656,0.7045375096486235,0.5540093951403573,0.5690471945436656,0.7045375096486235,0.0,0.0,0.0
set6_gbdt_only,val,4,354,0.5540093951403573,0.5690471945436656,0.7045375096486235,0.5540093951403573,0.5690471945436656,0.7045375096486235,0.0,0.0,0.0
gbdt_selected_balanced_plus_shrinked_calibration,val,4,354,0.5540093951403573,0.5690471945436656,0.7045375096486235,0.5540093951403573,0.5690471945436656,0.7045375096486235,0.0,0.0,0.0
set6_gbdt_plus_shrinked_calibration,val,4,354,0.5540093951403573,0.5690471945436656,0.7045375096486235,0.5540093951403573,0.5690471945436656,0.7045375096486235,0.0,0.0,0.0
gbdt_manual_safe_group_plus_recommended_calibration,val,4,354,0.5540093951403573,0.5690471945436656,0.7045375096486235,0.5540093951403573,0.5690471945436656,0.7045375096486235,0.0,0.0,0.0
set6_gbdt_set8_baseline_or_calibration,val,4,354,0.5540093951403573,0.5690471945436656,0.7045375096486235,0.5540093951403573,0.5690471945436656,0.7045375096486235,0.0,0.0,0.0
val_selected_per_essay_set_model,val,4,354,0.5540093951403573,0.5690471945436656,0.7045375096486235,0.5540093951403573,0.5690471945436656,0.7045375096486235,0.0,0.0,0.0
baseline_positive_linear,val,5,361,0.7533723138101138,0.452642338481847,0.8179703654692981,0.7533723138101138,0.452642338481847,0.8179703654692981,0.0,0.0,0.0
gbdt_selected_qwk_only,val,5,361,0.7533723138101138,0.452642338481847,0.8179703654692981,0.7533723138101138,0.452642338481847,0.8179703654692981,0.0,0.0,0.0
gbdt_selected_balanced,val,5,361,0.7533723138101138,0.452642338481847,0.8179703654692981,0.7533723138101138,0.452642338481847,0.8179703654692981,0.0,0.0,0.0
gbdt_selected_conservative,val,5,361,0.7533723138101138,0.452642338481847,0.8179703654692981,0.7533723138101138,0.452642338481847,0.8179703654692981,0.0,0.0,0.0
gbdt_manual_safe_group,val,5,361,0.7533723138101138,0.452642338481847,0.8179703654692981,0.7533723138101138,0.452642338481847,0.8179703654692981,0.0,0.0,0.0
set6_gbdt_only,val,5,361,0.7533723138101138,0.452642338481847,0.8179703654692981,0.7533723138101138,0.452642338481847,0.8179703654692981,0.0,0.0,0.0
gbdt_selected_balanced_plus_shrinked_calibration,val,5,361,0.7533723138101138,0.452642338481847,0.8179703654692981,0.7533723138101138,0.452642338481847,0.8179703654692981,0.0,0.0,0.0
set6_gbdt_plus_shrinked_calibration,val,5,361,0.7533723138101138,0.452642338481847,0.8179703654692981,0.7533723138101138,0.452642338481847,0.8179703654692981,0.0,0.0,0.0
gbdt_manual_safe_group_plus_recommended_calibration,val,5,361,0.7533723138101138,0.452642338481847,0.8179703654692981,0.7533723138101138,0.452642338481847,0.8179703654692981,0.0,0.0,0.0
set6_gbdt_set8_baseline_or_calibration,val,5,361,0.7533723138101138,0.452642338481847,0.8179703654692981,0.7533723138101138,0.452642338481847,0.8179703654692981,0.0,0.0,0.0
val_selected_per_essay_set_model,val,5,361,0.7533723138101138,0.452642338481847,0.8179703654692981,0.7533723138101138,0.452642338481847,0.8179703654692981,0.0,0.0,0.0
set6_gbdt_plus_shrinked_calibration,val,6,360,0.4268674820580207,0.9167707172188349,0.6524472911932573,0.3481081081081082,0.9754813214602519,0.6676318247382053,0.0787593739499125,-0.05871060424141705,-0.015184533544947976
gbdt_manual_safe_group_plus_recommended_calibration,val,6,360,0.4268674820580207,0.9167707172188349,0.6524472911932573,0.3481081081081082,0.9754813214602519,0.6676318247382053,0.0787593739499125,-0.05871060424141705,-0.015184533544947976
val_selected_per_essay_set_model,val,6,360,0.3490761506406028,0.9663509623035001,0.676761453764948,0.3481081081081082,0.9754813214602519,0.6676318247382053,0.0009680425324946063,-0.009130359156751755,0.009129629026742747
gbdt_manual_safe_group,val,6,360,0.348378325888522,0.961477826156649,0.6572400978250372,0.3481081081081082,0.9754813214602519,0.6676318247382053,0.0002702177804138062,-0.014003495303602898,-0.010391726913168031
set6_gbdt_only,val,6,360,0.348378325888522,0.961477826156649,0.6572400978250372,0.3481081081081082,0.9754813214602519,0.6676318247382053,0.0002702177804138062,-0.014003495303602898,-0.010391726913168031
set6_gbdt_set8_baseline_or_calibration,val,6,360,0.348378325888522,0.961477826156649,0.6572400978250372,0.3481081081081082,0.9754813214602519,0.6676318247382053,0.0002702177804138062,-0.014003495303602898,-0.010391726913168031
baseline_positive_linear,val,6,360,0.3481081081081082,0.9754813214602519,0.6676318247382053,0.3481081081081082,0.9754813214602519,0.6676318247382053,0.0,0.0,0.0
gbdt_selected_qwk_only,val,6,360,0.3481081081081082,0.9754813214602519,0.6676318247382053,0.3481081081081082,0.9754813214602519,0.6676318247382053,0.0,0.0,0.0
gbdt_selected_balanced,val,6,360,0.3481081081081082,0.9754813214602519,0.6676318247382053,0.3481081081081082,0.9754813214602519,0.6676318247382053,0.0,0.0,0.0
gbdt_selected_conservative,val,6,360,0.3481081081081082,0.9754813214602519,0.6676318247382053,0.3481081081081082,0.9754813214602519,0.6676318247382053,0.0,0.0,0.0
gbdt_selected_balanced_plus_shrinked_calibration,val,6,360,0.3481081081081082,0.9754813214602519,0.6676318247382053,0.3481081081081082,0.9754813214602519,0.6676318247382053,0.0,0.0,0.0
gbdt_selected_qwk_only,val,7,314,0.6888158106393663,2.9534453383573003,0.7569598542251829,0.6619295376254275,3.0134099135470787,0.7474418763585936,0.026886273013938755,-0.05996457518977838,0.009517977866589256
gbdt_selected_balanced,val,7,314,0.6888158106393663,2.9534453383573003,0.7569598542251829,0.6619295376254275,3.0134099135470787,0.7474418763585936,0.026886273013938755,-0.05996457518977838,0.009517977866589256
gbdt_selected_conservative,val,7,314,0.6888158106393663,2.9534453383573003,0.7569598542251829,0.6619295376254275,3.0134099135470787,0.7474418763585936,0.026886273013938755,-0.05996457518977838,0.009517977866589256
gbdt_manual_safe_group,val,7,314,0.6888158106393663,2.9534453383573003,0.7569598542251829,0.6619295376254275,3.0134099135470787,0.7474418763585936,0.026886273013938755,-0.05996457518977838,0.009517977866589256
gbdt_selected_balanced_plus_shrinked_calibration,val,7,314,0.6888158106393663,2.9534453383573003,0.7569598542251829,0.6619295376254275,3.0134099135470787,0.7474418763585936,0.026886273013938755,-0.05996457518977838,0.009517977866589256
gbdt_manual_safe_group_plus_recommended_calibration,val,7,314,0.6888158106393663,2.9534453383573003,0.7569598542251829,0.6619295376254275,3.0134099135470787,0.7474418763585936,0.026886273013938755,-0.05996457518977838,0.009517977866589256
val_selected_per_essay_set_model,val,7,314,0.6888158106393663,2.9534453383573003,0.7569598542251829,0.6619295376254275,3.0134099135470787,0.7474418763585936,0.026886273013938755,-0.05996457518977838,0.009517977866589256
baseline_positive_linear,val,7,314,0.6619295376254275,3.0134099135470787,0.7474418763585936,0.6619295376254275,3.0134099135470787,0.7474418763585936,0.0,0.0,0.0
set6_gbdt_only,val,7,314,0.6619295376254275,3.0134099135470787,0.7474418763585936,0.6619295376254275,3.0134099135470787,0.7474418763585936,0.0,0.0,0.0
set6_gbdt_plus_shrinked_calibration,val,7,314,0.6619295376254275,3.0134099135470787,0.7474418763585936,0.6619295376254275,3.0134099135470787,0.7474418763585936,0.0,0.0,0.0
set6_gbdt_set8_baseline_or_calibration,val,7,314,0.6619295376254275,3.0134099135470787,0.7474418763585936,0.6619295376254275,3.0134099135470787,0.7474418763585936,0.0,0.0,0.0
baseline_positive_linear,val,8,145,0.4895933068275048,6.590564125473297,0.6110872319640811,0.4895933068275048,6.590564125473297,0.6110872319640811,0.0,0.0,0.0
gbdt_selected_qwk_only,val,8,145,0.4895933068275048,6.590564125473297,0.6110872319640811,0.4895933068275048,6.590564125473297,0.6110872319640811,0.0,0.0,0.0
gbdt_selected_balanced,val,8,145,0.4895933068275048,6.590564125473297,0.6110872319640811,0.4895933068275048,6.590564125473297,0.6110872319640811,0.0,0.0,0.0
gbdt_selected_conservative,val,8,145,0.4895933068275048,6.590564125473297,0.6110872319640811,0.4895933068275048,6.590564125473297,0.6110872319640811,0.0,0.0,0.0
gbdt_manual_safe_group,val,8,145,0.4895933068275048,6.590564125473297,0.6110872319640811,0.4895933068275048,6.590564125473297,0.6110872319640811,0.0,0.0,0.0
set6_gbdt_only,val,8,145,0.4895933068275048,6.590564125473297,0.6110872319640811,0.4895933068275048,6.590564125473297,0.6110872319640811,0.0,0.0,0.0
gbdt_selected_balanced_plus_shrinked_calibration,val,8,145,0.4895933068275048,6.590564125473297,0.6110872319640811,0.4895933068275048,6.590564125473297,0.6110872319640811,0.0,0.0,0.0
set6_gbdt_plus_shrinked_calibration,val,8,145,0.4895933068275048,6.590564125473297,0.6110872319640811,0.4895933068275048,6.590564125473297,0.6110872319640811,0.0,0.0,0.0
gbdt_manual_safe_group_plus_recommended_calibration,val,8,145,0.4895933068275048,6.590564125473297,0.6110872319640811,0.4895933068275048,6.590564125473297,0.6110872319640811,0.0,0.0,0.0
set6_gbdt_set8_baseline_or_calibration,val,8,145,0.4895933068275048,6.590564125473297,0.6110872319640811,0.4895933068275048,6.590564125473297,0.6110872319640811,0.0,0.0,0.0
val_selected_per_essay_set_model,val,8,145,0.4895933068275048,6.590564125473297,0.6110872319640811,0.4895933068275048,6.590564125473297,0.6110872319640811,0.0,0.0,0.0
